文件标题,发布时间,行政区,行政区代码,城市,供应计划年度,供应总量_总量,供应总量_增量,供应总量_存量,商服用地,工矿仓储用地,住宅用地_总量,住宅用地_保障性住房用地,住宅用地_中小套型商品房用地,住宅用地_普通商品房用地,住宅用地_棚户区改造住房用地,交通运输用地,公共管理与公共服务用地,水域及水利设施用地,教育用地,工业用地,公益事业用地,特殊用地,其他用地,md5,url,crawling_time
北京市本级2015年度国有建设用地供应计划,2015年3月31日 19:52,北京市 > 北京市市辖区 > 北京市本级,北京市本级,北京市市辖区,2015,4600公顷,2100公顷以内,2500公顷,400公顷,350公顷,1200公顷,,,,,1750公顷,800公顷,50公顷,,,,50公顷,,d0e02e5b8751480b518aabb2310a7f7d,http://www.landchina.com/DesktopModule/BizframeExtendMdl/workList/bulWorkView.aspx?wmguid=6506735a-142d-4bde-9674-121656045ed1&recorderguid=06cb8ae8-3a85-403c-83a2-641bce19f7cc&sitePath=,2020/7/6
北京市本级2014年度国有建设用地供应计划,2014年3月28日 16:58,北京市 > 北京市市辖区 > 北京市本级,北京市本级,北京市市辖区,2014,5150公顷,2500公顷以内,2650公顷,550公顷,450公顷,1650公顷,,,,,1200公顷,1200公顷,50公顷,,,,50公顷,,8c53d3dd69bd18efedf0f6cbd8e96538,http://www.landchina.com/DesktopModule/BizframeExtendMdl/workList/bulWorkView.aspx?wmguid=6506735a-142d-4bde-9674-121656045ed1&recorderguid=269a219b-1636-4a80-b18a-745da9776059&sitePath=,2020/7/6
北京市本级2013年度国有建设用地供应计划,2013年3月31日 13:10,北京市 > 北京市市辖区 > 北京市本级,北京市本级,北京市市辖区,2013,,,,,,,,,,,,,,,,,,,1ee1ce2233538ad6b9b27c49b43a9b7a,http://www.landchina.com/DesktopModule/BizframeExtendMdl/workList/bulWorkView.aspx?wmguid=6506735a-142d-4bde-9674-121656045ed1&recorderguid=69dd1ff2-5d11-4b75-baf9-e19cf7257f02&sitePath=,2020/7/6
北京市2011年度国有建设用地供应计划,2011年4月2日 18:13,北京市 > 北京市市辖区 > 北京市本级,北京市本级,北京市市辖区,2011,6500公顷,3200公顷以内,3300公顷,550公顷,1000公顷,2550公顷,,,,,1000公顷,1200公顷,100公顷,,,,100公顷,,e7ecc3d17ccc0368d1ed423e905fd416,http://www.landchina.com/DesktopModule/BizframeExtendMdl/workList/bulWorkView.aspx?wmguid=6506735a-142d-4bde-9674-121656045ed1&recorderguid=e4b5bafa-04ac-49a6-8d9c-405e56f00daa&sitePath=,2020/7/6
北京市2007-2010年土地供应中期计划,2009年3月30日 0:00,北京市 > 北京市市辖区 > 北京市本级,北京市本级,北京市市辖区,2010,24200公顷以内,14000公顷以内,10200公顷,,4400公顷,6400公顷,,,,,,,,,,,,,29c21819b3cbecf63fb7df84051e3c14,http://www.landchina.com/DesktopModule/BizframeExtendMdl/workList/bulWorkView.aspx?wmguid=6506735a-142d-4bde-9674-121656045ed1&recorderguid=64824f84-999a-4385-b8c6-ee0f6ee3910f&sitePath=,2020/7/6
北京市2009年度土地供应计划,2009年3月30日 0:00,北京市 > 北京市市辖区 > 北京市本级,北京市本级,北京市市辖区,2009,5700公顷,3300公顷以内,2400公顷,200公顷,,1300公顷,,,,,,,,,,,,,24e3b5a80beb596b2e08c2b9595a109f,http://www.landchina.com/DesktopModule/BizframeExtendMdl/workList/bulWorkView.aspx?wmguid=6506735a-142d-4bde-9674-121656045ed1&recorderguid=e7a8ea90-ebec-4328-bc06-9a21fac87efc&sitePath=,2020/7/6
二○一一年津南区第一批工业项目（含部分公共设施用地）供应计划公示,2011年1月18日 16:10,天津市 > 天津市市辖区 > 津南区,津南区,天津市市辖区,2011,,,,,,,,,,,,,,,,,,,2c5090d1fbb94eabcc4d37a9d058fd81,http://www.landchina.com/DesktopModule/BizframeExtendMdl/workList/bulWorkView.aspx?wmguid=6506735a-142d-4bde-9674-121656045ed1&recorderguid=a84ffa80-2f00-4173-a61d-72363f7ae6ff&sitePath=,2020/7/6
2011年津南区第一批经营性房地产开发用地供应计划公告,2010年12月22日 9:27,天津市 > 天津市市辖区 > 津南区,津南区,天津市市辖区,2011,,,,,,,,,,,,,,,,,,,5056e250feaec2f47415f654f2a5b450,http://www.landchina.com/DesktopModule/BizframeExtendMdl/workList/bulWorkView.aspx?wmguid=6506735a-142d-4bde-9674-121656045ed1&recorderguid=67d9490d-c26b-4653-b4b3-09dd750949a9&sitePath=,2020/7/6
二一年津南区第四批出让计划公告,2010年9月25日 14:01,天津市 > 天津市市辖区 > 津南区,津南区,天津市市辖区,2010,,,,,,,,,,,,,,,,,,,17295129cfa78893d34073b134807091,http://www.landchina.com/DesktopModule/BizframeExtendMdl/workList/bulWorkView.aspx?wmguid=6506735a-142d-4bde-9674-121656045ed1&recorderguid=2b6d817a-8a26-467d-8558-6ae2d0c7c597&sitePath=,2020/7/6
二一年津南区第三批出让计划公告,2010年6月19日 8:51,天津市 > 天津市市辖区 > 津南区,津南区,天津市市辖区,2010,,,,,,,,,,,,,,,,,,,ed97d43bffa9aeb2086949243d056360,http://www.landchina.com/DesktopModule/BizframeExtendMdl/workList/bulWorkView.aspx?wmguid=6506735a-142d-4bde-9674-121656045ed1&recorderguid=1f9a0d81-07c7-4bcc-b82b-321ebdd8a243&sitePath=,2020/7/6
天津市中心城区2010年拟出让地块简介,2010年2月4日 17:17,天津市 > 天津市市辖区 > 和平区,和平区,天津市市辖区,2010,,,,74公顷,,,,,,,,,,,,,,,f45638d031391a99a1c73fe2f71ac591,http://www.landchina.com/DesktopModule/BizframeExtendMdl/workList/bulWorkView.aspx?wmguid=6506735a-142d-4bde-9674-121656045ed1&recorderguid=5ade4e40-b2a8-4e8c-9bed-7498f54b716e&sitePath=,2020/7/6
二一年津南区第二批出让计划公告,2010年1月26日 8:44,天津市 > 天津市市辖区 > 津南区,津南区,天津市市辖区,2010,,,,,,,,,,,,,,,,,,,b6f9b58c817a1d653b5c013f193321ce,http://www.landchina.com/DesktopModule/BizframeExtendMdl/workList/bulWorkView.aspx?wmguid=6506735a-142d-4bde-9674-121656045ed1&recorderguid=7c10f74f-47db-4ae6-ac8e-0018e20a08e8&sitePath=,2020/7/6
二九年津南区第五批出让计划公告,2009年12月2日 13:17,天津市 > 天津市市辖区 > 津南区,津南区,天津市市辖区,2009,,,,,,,,,,,,,,,,,,,994f9d4c02ce74714e9386317982134f,http://www.landchina.com/DesktopModule/BizframeExtendMdl/workList/bulWorkView.aspx?wmguid=6506735a-142d-4bde-9674-121656045ed1&recorderguid=f877b3b6-e03c-4fac-9f9d-7e9f6e0525c4C&sitePath=,2020/7/6
二九年津南区第四批出让计划公告,2009年9月25日 14:40,天津市 > 天津市市辖区 > 津南区,津南区,天津市市辖区,2009,,,,,,,,,,,,,,,,,,,c93341fb878166819f44b258756b2bb3,http://www.landchina.com/DesktopModule/BizframeExtendMdl/workList/bulWorkView.aspx?wmguid=6506735a-142d-4bde-9674-121656045ed1&recorderguid=b33b72c0-c8c7-454d-af76-8705c21e1be1&sitePath=,2020/7/6
二九年津南区第一批出让计划公告,2009年4月17日 0:00,天津市 > 天津市市辖区 > 津南区,津南区,天津市市辖区,2009,,,,,,,,,,,,,,,,,,,3b3b33a5529d6754f7a324ff606af8be,http://www.landchina.com/DesktopModule/BizframeExtendMdl/workList/bulWorkView.aspx?wmguid=6506735a-142d-4bde-9674-121656045ed1&recorderguid=7a4112b2-0f6b-465b-939a-0be98f030758&sitePath=,2020/7/6
二八年津南区第五批出让计划公告,2008年12月12日 9:04,天津市 > 天津市市辖区 > 津南区,津南区,天津市市辖区,2008,,,,,,,,,,,,,,,,,,,1d35bc2cd4ebdcdbe917a0589739fe08,http://www.landchina.com/DesktopModule/BizframeExtendMdl/workList/bulWorkView.aspx?wmguid=6506735a-142d-4bde-9674-121656045ed1&recorderguid=3069181&sitePath=,2020/7/6
二八年津南区第四批出让计划公告,2008年9月18日 8:56,天津市 > 天津市市辖区 > 津南区,津南区,天津市市辖区,2008,,,,,,,,,,,,,,,,,,,6b6471da5366e55148639ca95c325304,http://www.landchina.com/DesktopModule/BizframeExtendMdl/workList/bulWorkView.aspx?wmguid=6506735a-142d-4bde-9674-121656045ed1&recorderguid=3060160&sitePath=,2020/7/6
二八年津南区第三批出让计划公告,2008年7月10日 17:01,天津市 > 天津市市辖区 > 津南区,津南区,天津市市辖区,2008,,,,,,,,,,,,,,,,,,,8a89d3c4692ed6fc8c74f7a9daf57b82,http://www.landchina.com/DesktopModule/BizframeExtendMdl/workList/bulWorkView.aspx?wmguid=6506735a-142d-4bde-9674-121656045ed1&recorderguid=3054355&sitePath=,2020/7/6
二八年津南区第二批出让计划公告,2008年5月15日 9:51,天津市 > 天津市市辖区 > 津南区,津南区,天津市市辖区,2008,,,,,,,,,,,,,,,,,,,399a39d4da7f2c45ea8d641e3904cb66,http://www.landchina.com/DesktopModule/BizframeExtendMdl/workList/bulWorkView.aspx?wmguid=6506735a-142d-4bde-9674-121656045ed1&recorderguid=3048838&sitePath=,2020/7/6
二八年津南区第一批工业用地招标拍卖挂牌出让计划公告,2008年3月3日 11:15,天津市 > 天津市市辖区 > 津南区,津南区,天津市市辖区,2008,,,,,,,,,,,,,,,,,,,f66f67140c8c28eb3c50a44781102f34,http://www.landchina.com/DesktopModule/BizframeExtendMdl/workList/bulWorkView.aspx?wmguid=6506735a-142d-4bde-9674-121656045ed1&recorderguid=3042846&sitePath=,2020/7/6
承德县2019年度国有建设用地供应计划,2020年6月15日 8:54,河北省 > 承德市 > 承德县,承德县,承德市,2019,229.5公顷,,,,69公顷,53公顷,,,,5公顷,37.8公顷,9.7公顷,,,,,,,ce5566243435c9ef6c6ad8fe0ad7baf4,http://www.landchina.com/DesktopModule/BizframeExtendMdl/workList/bulWorkView.aspx?wmguid=6506735a-142d-4bde-9674-121656045ed1&recorderguid=6ccc7c78-52e1-401b-a17d-c029390333dd&sitePath=,2020/7/6
滦平县2020年度国有建设用地供应计划,2020年5月29日 10:36,河北省 > 承德市 > 滦平县,滦平县,承德市,2020,132.8242公顷,,,16.8112公顷,49.2417公顷,45.3028公顷,,,,4.72公顷,,21.4685公顷,,,,,,,e879f6a97873b95967a667532e8f3e8f,http://www.landchina.com/DesktopModule/BizframeExtendMdl/workList/bulWorkView.aspx?wmguid=6506735a-142d-4bde-9674-121656045ed1&recorderguid=c9dbee5f-0b5f-462a-b548-ec8f7a742106&sitePath=,2020/7/6
承德县2020年度国有建设用地供应计划,2020年5月29日 9:22,河北省 > 承德市 > 承德县,承德县,承德市,2020,226.08公顷,,,,,80.42公顷,,,,2公顷,32.47公顷,25.34公顷,,,57.4公顷,,,,7788cee0aeb95f79d31e59a077a3978b,http://www.landchina.com/DesktopModule/BizframeExtendMdl/workList/bulWorkView.aspx?wmguid=6506735a-142d-4bde-9674-121656045ed1&recorderguid=78bf00dc-f66d-410c-9e82-6b47534e8102&sitePath=,2020/7/6
新乐市2020年度国有建设用地供应计划,2020年4月26日 15:53,河北省 > 石家庄市 > 新乐市,新乐市,石家庄市,2020,103公顷以内,85公顷,,,60公顷,42公顷,,,,,,,,,,,,,184384164dfcb61d16592d85fca14a3f,http://www.landchina.com/DesktopModule/BizframeExtendMdl/workList/bulWorkView.aspx?wmguid=6506735a-142d-4bde-9674-121656045ed1&recorderguid=6f1796b2-a89c-496f-943a-10ec0f0d065f&sitePath=,2020/7/6
蔚县2020年度国有建设用地供应计划,2020年4月26日 15:38,河北省 > 张家口市 > 蔚县,蔚县,张家口市,2020,488公顷,395公顷,,20公顷,55公顷,110公顷,,,,,,23公顷,,,,,,,fd7cec54ab963fe1d23d4e97c0a4c95d,http://www.landchina.com/DesktopModule/BizframeExtendMdl/workList/bulWorkView.aspx?wmguid=6506735a-142d-4bde-9674-121656045ed1&recorderguid=300ba776-a8a2-458d-9647-7563fde537eb&sitePath=,2020/7/6
围场满族蒙古族自治县2020年度国有建设用地供应计划,2020年4月23日 10:36,河北省 > 承德市 > 围场满族蒙古族自治县,围场满族蒙古族自治县,承德市,2020,123公顷以内,,,31.4918公顷,38.1815公顷,47.1368公顷,,,,,3.8341公顷,8.2815公顷,,,,,,,1d30cf5099acb285f630daea7f948526,http://www.landchina.com/DesktopModule/BizframeExtendMdl/workList/bulWorkView.aspx?wmguid=6506735a-142d-4bde-9674-121656045ed1&recorderguid=21f8bdc0-d283-48ae-a0ca-a2f3436d2e85&sitePath=,2020/7/6
卢龙县2020年度国有建设用地供应计划,2020年4月22日 15:06,河北省 > 秦皇岛市 > 卢龙县,卢龙县,秦皇岛市,2020,193.3005公顷,164.4705公顷,28.8300公顷,171.9648公顷,110.7335公顷,24.7889公顷,8.2908公顷,,16.4981公顷,,5.5640公顷,21.3357公顷,,,,,,,69ef80a814e9c4e75178fc2140a1570e,http://www.landchina.com/DesktopModule/BizframeExtendMdl/workList/bulWorkView.aspx?wmguid=6506735a-142d-4bde-9674-121656045ed1&recorderguid=eaf62f53-0f2c-4274-ba4d-d66fc72c82e7&sitePath=,2020/7/6
望都县2020年度国有建设用地供应计划,2020年4月21日 14:00,河北省 > 保定市 > 望都县,望都县,保定市,2020,53.1522公顷,45.2424公顷,7.9098公顷,0.8408公顷,17.1700公顷,29.1822公顷,,,,,,,,,,,,,9c59a60624525083482a906dd6e9c11d,http://www.landchina.com/DesktopModule/BizframeExtendMdl/workList/bulWorkView.aspx?wmguid=6506735a-142d-4bde-9674-121656045ed1&recorderguid=d2e7bdc2-e90c-4d3a-b164-2c3ff6181188&sitePath=,2020/7/6
承德市本级2020年度国有建设用地供应计划,2020年4月15日 11:39,河北省 > 承德市 > 承德市本级,承德市本级,承德市,2020,,,,,,,,,,,,,,,,,,,a8bb3e7fed38860d7594e26acae5bde7,http://www.landchina.com/DesktopModule/BizframeExtendMdl/workList/bulWorkView.aspx?wmguid=6506735a-142d-4bde-9674-121656045ed1&recorderguid=981dc4ed-e783-426e-8dc7-b5b480557e30&sitePath=,2020/7/6
固安县2020年度国有建设用地供应计划,2020年4月15日 10:40,河北省 > 廊坊市 > 固安县,固安县,廊坊市,2020,793.8188公顷以内,,,,84.9976公顷,126.5303公顷,,,,,495.3354公顷,34.7605公顷,3.1398公顷,,,,3.0144公顷,,e50e33b175e010b86db68d0b1d34e78b,http://www.landchina.com/DesktopModule/BizframeExtendMdl/workList/bulWorkView.aspx?wmguid=6506735a-142d-4bde-9674-121656045ed1&recorderguid=015e9fb9-2305-4146-b0bd-6f3af73d1948&sitePath=,2020/7/6
霸州市2020年度国有建设用地供应计划,2020年4月14日 8:53,河北省 > 廊坊市 > 霸州市,霸州市,廊坊市,2020,213.1475公顷以内,,,21.0406公顷,60.6064公顷,126.2111公顷,,,,,,5.2894公顷,,,,,,,435105ecdc88a33a4c7d4346108f30b6,http://www.landchina.com/DesktopModule/BizframeExtendMdl/workList/bulWorkView.aspx?wmguid=6506735a-142d-4bde-9674-121656045ed1&recorderguid=92d08527-e308-4b4f-926d-b0ed69857364&sitePath=,2020/7/6
邯郸市本级2020年度国有建设用地供应计划,2020年4月10日 19:13,河北省 > 邯郸市 > 邯郸市本级,邯郸市本级,邯郸市,2020,1576.7596公顷以内,1384.6749公顷,192.0846公顷,112.9545公顷,423.8403公顷,465.0392公顷,,,,,209.7894公顷,365.1362公顷,,,,,,,d0aac22fc3ef71326cd5f55b4c0b5949,http://www.landchina.com/DesktopModule/BizframeExtendMdl/workList/bulWorkView.aspx?wmguid=6506735a-142d-4bde-9674-121656045ed1&recorderguid=4cc5beeb-c858-4e00-9c59-0e9975e4f221&sitePath=,2020/7/6
张家口市区2020年度国有建设用地供应计划,2020年4月10日 9:41,河北省 > 张家口市 > 张家口市本级,张家口市本级,张家口市,2020,1210.57公顷,866.49公顷,344.08公顷,293.15公顷,221.04公顷,411.04公顷,,,,,187.97公顷,97.37公顷,,,,,,,0c4d109ce1e57b07337de5fa60a80ba6,http://www.landchina.com/DesktopModule/BizframeExtendMdl/workList/bulWorkView.aspx?wmguid=6506735a-142d-4bde-9674-121656045ed1&recorderguid=aaf4b3ea-c2d3-4cdc-a179-9eeef79ef880&sitePath=,2020/7/6
故城县2020年度国有建设用地供应计划,2020年4月10日 9:15,河北省 > 衡水市 > 故城县,故城县,衡水市,2020,156.48公顷,141公顷,15.48公顷,24.84公顷,,,,,,,,,,,,,,,900cf9d9f557863e5c1b9ecbd1ffc647,http://www.landchina.com/DesktopModule/BizframeExtendMdl/workList/bulWorkView.aspx?wmguid=6506735a-142d-4bde-9674-121656045ed1&recorderguid=7f5f0a8e-e807-4b80-9d31-71e5956b0320&sitePath=,2020/7/6
秦皇岛市本级2020年度国有建设用地供应计划,2020年4月9日 13:55,河北省 > 秦皇岛市 > 秦皇岛市本级,秦皇岛市本级,秦皇岛市,2020,15673亩,13282亩,2391亩,4977亩,,3114亩,,,,,2462亩,1680亩,,,,,118亩,,c882efcb39fae66562607de0c0ef6744,http://www.landchina.com/DesktopModule/BizframeExtendMdl/workList/bulWorkView.aspx?wmguid=6506735a-142d-4bde-9674-121656045ed1&recorderguid=c3e640b1-1cf4-4008-8717-21cae877302e&sitePath=,2020/7/6
滦南县2020年度国有建设用地供应计划,2020年4月9日 10:48,河北省 > 唐山市 > 滦南县,滦南县,唐山市,2020,37.4421公顷,,,0.0537公顷,26.2987公顷,3.6313公顷,,,,,7.4584公顷,,,,,,,,4f215365aec8df172b1293fbb08dad51,http://www.landchina.com/DesktopModule/BizframeExtendMdl/workList/bulWorkView.aspx?wmguid=6506735a-142d-4bde-9674-121656045ed1&recorderguid=b5507a12-e9dd-4758-a001-4c54fd432e74&sitePath=,2020/7/6
安平县2020年度建设用地供应计划,2020年4月9日 9:55,河北省 > 衡水市 > 安平县,安平县,衡水市,2020,146.4168公顷以内,,,8.0856公顷,48.2080公顷,10.1383公顷,1.6221公顷,,,2.4332公顷,64.0376公顷,15.9473公顷,,,,,,,547d9e5b1a58474b8004f76d24ad89d3,http://www.landchina.com/DesktopModule/BizframeExtendMdl/workList/bulWorkView.aspx?wmguid=6506735a-142d-4bde-9674-121656045ed1&recorderguid=5af055f8-ae0a-42a3-bbcf-94f846bca4c9&sitePath=,2020/7/6
衡水市本级2020年度国有建设用地供应计划,2020年4月9日 9:03,河北省 > 衡水市 > 衡水市本级,衡水市本级,衡水市,2020,2475.4436公顷以内,,,138.4598公顷,1093.5511公顷,478.8597公顷,118.5383公顷,,,,174.9256公顷,393.5034公顷,,,,,5公顷,,d98edfa38188e186d72c5cb4552a030d,http://www.landchina.com/DesktopModule/BizframeExtendMdl/workList/bulWorkView.aspx?wmguid=6506735a-142d-4bde-9674-121656045ed1&recorderguid=29aab38c-5a7b-4b32-b25f-cc32948b65af&sitePath=,2020/7/6
赤城县2020年度国有建设用地供应计划,2020年4月9日 8:44,河北省 > 张家口市 > 赤城县,赤城县,张家口市,2020,41.2779公顷,30.4113公顷,,2.5466公顷,2.5167公顷,28.3405公顷,,,,,,,,,,,,,b0cc0eff5b723d0974114eed80341adb,http://www.landchina.com/DesktopModule/BizframeExtendMdl/workList/bulWorkView.aspx?wmguid=6506735a-142d-4bde-9674-121656045ed1&recorderguid=42d64181-57f0-413e-bfaf-d54813f04e27&sitePath=,2020/7/6
尚义县2020年度国有建设用地供应计划,2020年4月9日 8:09,河北省 > 张家口市 > 尚义县,尚义县,张家口市,2020,111公顷以内,,,6公顷,,45公顷,,,,,20公顷,,,,30公顷,,,,f58b96776bfa0ede97f9e6d621a8f921,http://www.landchina.com/DesktopModule/BizframeExtendMdl/workList/bulWorkView.aspx?wmguid=6506735a-142d-4bde-9674-121656045ed1&recorderguid=6728ca63-a06b-4465-af9a-a9b7e0d09c64&sitePath=,2020/7/6
景县2020年度国有建设用地供应计划,2020年4月8日 18:24,河北省 > 衡水市 > 景县,景县,衡水市,2020,150.1464公顷,,,,112.1867公顷,21.7526公顷,,,5.085公顷,,,16.2071公顷,,,,,,,ac8ad3802201696587b180cb1c98acd9,http://www.landchina.com/DesktopModule/BizframeExtendMdl/workList/bulWorkView.aspx?wmguid=6506735a-142d-4bde-9674-121656045ed1&recorderguid=4653db64-237f-4fd7-94a3-f8571299a158&sitePath=,2020/7/6
沧县2020年度国有建设用地供应计划,2020年4月8日 17:57,河北省 > 沧州市 > 沧县,沧县,沧州市,2020,315.7公顷,,,33.3公顷,200公顷,30公顷,,,,,52.4公顷,,,,,,,,ae66add2b3d753c30fc4a85e043ae3d1,http://www.landchina.com/DesktopModule/BizframeExtendMdl/workList/bulWorkView.aspx?wmguid=6506735a-142d-4bde-9674-121656045ed1&recorderguid=29cdd74f-5213-485a-8ffe-a0f375bea604&sitePath=,2020/7/6
遵化市2020年度国有建设用地供应计划,2020年4月8日 17:34,河北省 > 唐山市 > 遵化市,遵化市,唐山市,2020,,,,,,,,,,,,,,,,,,,dd6c0e9e95987730292c4234ca9c55da,http://www.landchina.com/DesktopModule/BizframeExtendMdl/workList/bulWorkView.aspx?wmguid=6506735a-142d-4bde-9674-121656045ed1&recorderguid=b4f83b6f-fa22-4026-982e-a6d2ea1cb6c4&sitePath=,2020/7/6
蠡县2020年度国有建设用地供应计划,2020年4月7日 10:21,河北省 > 保定市 > 蠡县,蠡县,保定市,2020,79.7674公顷,,,3.0787公顷,29.3805公顷,46.6416公顷,,,,,,0.6667公顷,,,,,,,b53bb1ad7bd8ed243bdf43ecd8ddb3f5,http://www.landchina.com/DesktopModule/BizframeExtendMdl/workList/bulWorkView.aspx?wmguid=6506735a-142d-4bde-9674-121656045ed1&recorderguid=537be462-c9d3-4675-921f-21c6165e74bf&sitePath=,2020/7/6
廊坊市本级2020年度国有建设用地供应计划,2020年4月3日 17:20,河北省 > 廊坊市 > 廊坊市本级,廊坊市本级,廊坊市,2020,,,155.2042公顷,17.4812公顷,42.6108公顷,160.9704公顷,,,,94.1129公顷,6.3386公顷,54.1155公顷,,,,,1.4032公顷,,d2fb5367bf26bfd1a723ca38ef95bc28,http://www.landchina.com/DesktopModule/BizframeExtendMdl/workList/bulWorkView.aspx?wmguid=6506735a-142d-4bde-9674-121656045ed1&recorderguid=a723d4cc-de68-4169-83a7-c580ca0b95df&sitePath=,2020/7/6
文安县2020年度国有建设用地供应计划,2020年4月3日 10:06,河北省 > 廊坊市 > 文安县,文安县,廊坊市,2020,130.0916公顷,,,2.6740公顷,34.6626公顷,14.1309公顷,,,,,,78.6241公顷,,,,,,,6a88e305316a01277e1552bd07516843,http://www.landchina.com/DesktopModule/BizframeExtendMdl/workList/bulWorkView.aspx?wmguid=6506735a-142d-4bde-9674-121656045ed1&recorderguid=f1edaa35-8ea3-49de-bf19-c09134d5bd26&sitePath=,2020/7/6
怀安县2020年国有建设用地供应计划,2020年4月3日 9:46,河北省 > 张家口市 > 怀安县,怀安县,张家口市,2020,127.6753公顷以内,97.8447公顷,29.8306公顷,22.628公顷,22.4766公顷,37.314公顷,,,,,18.7627公顷,26.494公顷,,,,,,,eb4908e42e21e47e4c6fab9b9cf3d845,http://www.landchina.com/DesktopModule/BizframeExtendMdl/workList/bulWorkView.aspx?wmguid=6506735a-142d-4bde-9674-121656045ed1&recorderguid=6024d8d4-43db-4ade-b748-aa66b41f443a&sitePath=,2020/7/6
井陉县2020年度国有建设用地供应计划,2020年4月3日 9:29,河北省 > 石家庄市 > 井陉县,井陉县,石家庄市,2020,48.2319公顷以内,,,5.589公顷,14.4432公顷,20.3666公顷,,,,,,7.8331公顷,,,,,,,0dd31829a86ba56f73a08c94240d2c0b,http://www.landchina.com/DesktopModule/BizframeExtendMdl/workList/bulWorkView.aspx?wmguid=6506735a-142d-4bde-9674-121656045ed1&recorderguid=d8dfb4cd-3fce-4cee-8c05-6e83dabe3125&sitePath=,2020/7/6
青龙满族自治县2020年度国有建设用地供应计划,2020年4月3日 8:47,河北省 > 秦皇岛市 > 青龙满族自治县,青龙满族自治县,秦皇岛市,2020,97.4854公顷,,,51.1301公顷,21.2199公顷,23.8327公顷,,,,,,1.3027公顷,,,,,,,725a7c6d722fd0332f4aa243e66b787e,http://www.landchina.com/DesktopModule/BizframeExtendMdl/workList/bulWorkView.aspx?wmguid=6506735a-142d-4bde-9674-121656045ed1&recorderguid=951c7646-31f9-4262-8e80-07087e39410d&sitePath=,2020/7/6
保定市本级2020年度国有建设用地供应计划,2020年4月2日 17:16,河北省 > 保定市 > 保定市本级,保定市本级,保定市,2020,971.61235公顷,287.86372公顷,6.4272公顷,50.3852公顷,378.30503公顷,297.2789公顷,,,,61.17062公顷,65.58公顷,17.4156公顷,,,,,,,a6254dbeeacbb2b59d3302bdf9055fa8,http://www.landchina.com/DesktopModule/BizframeExtendMdl/workList/bulWorkView.aspx?wmguid=6506735a-142d-4bde-9674-121656045ed1&recorderguid=75be8a2f-4852-4359-b515-4c9066343140&sitePath=,2020/7/6
大厂回族自治县2020年度国有建设用地供应计划,2020年4月2日 16:20,河北省 > 廊坊市 > 大厂回族自治县,大厂回族自治县,廊坊市,2020,255.0982公顷以内,,,31.6566公顷,99.2742公顷,43.3009公顷,,,,,24.6400公顷,56.2265公顷,,,,,,,9f9fd2852680cd54d42265086c36970a,http://www.landchina.com/DesktopModule/BizframeExtendMdl/workList/bulWorkView.aspx?wmguid=6506735a-142d-4bde-9674-121656045ed1&recorderguid=ea7ef0d4-5250-41e1-a43a-f4641ffa8de6&sitePath=,2020/7/6
盐山县2020年度国有建设用地供应计划,2020年4月2日 13:35,河北省 > 沧州市 > 盐山县,盐山县,沧州市,2020,174.89公顷,,,46.60公顷,71.54公顷,40.48公顷,,,,,,16.27公顷,,,,,,,a7a6e2c3f2c3c0cc0852c44c14d23e87,http://www.landchina.com/DesktopModule/BizframeExtendMdl/workList/bulWorkView.aspx?wmguid=6506735a-142d-4bde-9674-121656045ed1&recorderguid=b78ba0ff-8133-421e-a58d-ff08e593434b&sitePath=,2020/7/6
魏县2020年度国有建设用地供应计划,2020年4月1日 15:09,河北省 > 邯郸市 > 魏县,魏县,邯郸市,2020,154.6667公顷,,,8公顷,26.6667公顷,73.3333公顷,2.2公顷,,,,26.6667公顷,20公顷,,,,,,,ee2e73dd5f8ef8797942faf1b8b0e0a5,http://www.landchina.com/DesktopModule/BizframeExtendMdl/workList/bulWorkView.aspx?wmguid=6506735a-142d-4bde-9674-121656045ed1&recorderguid=a08229a3-b804-4202-a52c-1a3dfd0f06b5&sitePath=,2020/7/6
邢台县2020年度国有建设用地供应计划,2020年4月1日 15:06,河北省 > 邢台市 > 邢台县,邢台县,邢台市,2020,111.8401公顷以内,,,5.7925公顷,52.3086公顷,38.4639公顷,,,,,,,,4.9525公顷,,,,,303f775a0aaa0b4e3b44c2af0f9e5902,http://www.landchina.com/DesktopModule/BizframeExtendMdl/workList/bulWorkView.aspx?wmguid=6506735a-142d-4bde-9674-121656045ed1&recorderguid=9214647a-9e45-46cd-bb6f-1dc61ec21a74&sitePath=,2020/7/6
高阳县2020年度国有建设用地供应计划,2020年4月1日 10:54,河北省 > 保定市 > 高阳县,高阳县,保定市,2020,358.3150公顷,,,27.2267公顷,70.0333公顷,14.6000公顷,,,,,242.8000公顷,,,,,,3.6550公顷,,d4065de518a6e0223bad884b03108428,http://www.landchina.com/DesktopModule/BizframeExtendMdl/workList/bulWorkView.aspx?wmguid=6506735a-142d-4bde-9674-121656045ed1&recorderguid=56ae07a7-8c40-49c8-b9b6-5114c4d846b9&sitePath=,2020/7/6
辛集市2020年度国有建设用地供应计划,2020年3月31日 16:16,河北省 > 石家庄市 > 辛集市,辛集市,石家庄市,2020,181.1702公顷,,,2.9239公顷,92.7741公顷,27.6195公顷,,,,,29.3327公顷,28.5200公顷,,,,,,,41a2fa63437878805e8efddfcdbd4e98,http://www.landchina.com/DesktopModule/BizframeExtendMdl/workList/bulWorkView.aspx?wmguid=6506735a-142d-4bde-9674-121656045ed1&recorderguid=29daa17a-d0dc-403f-8f44-5800871fe7a2&sitePath=,2020/7/6
饶阳县2020年度国有建设用地供应计划,2020年3月30日 17:28,河北省 > 衡水市 > 饶阳县,饶阳县,衡水市,2020,154.811公顷以内,,,32.0336公顷,84.9247公顷,33.4627公顷,,,,,,4.39公顷,,,,,,,430cf5221a2fab87e47f7f825113c57f,http://www.landchina.com/DesktopModule/BizframeExtendMdl/workList/bulWorkView.aspx?wmguid=6506735a-142d-4bde-9674-121656045ed1&recorderguid=d2e2c79e-7e90-4f40-9260-9a63a90e2d9b&sitePath=,2020/7/6
兴隆县2020年度国有建设用地供应计划,2020年3月30日 10:08,河北省 > 承德市 > 兴隆县,兴隆县,承德市,2020,100.69公顷以内,,,14.14公顷,12.73公顷,66.31公顷,,,,0公顷,,7.5141公顷,0公顷,,,,,0公顷,46e45067d877fb3859b77f7c0ccd5f5d,http://www.landchina.com/DesktopModule/BizframeExtendMdl/workList/bulWorkView.aspx?wmguid=6506735a-142d-4bde-9674-121656045ed1&recorderguid=5d1bb215-e714-47c5-b69f-720bdd59f380&sitePath=,2020/7/6
昌黎县2020年度国有建设用地供应计划,2020年3月30日 9:42,河北省 > 秦皇岛市 > 昌黎县,昌黎县,秦皇岛市,2020,260公顷以内,,,15公顷,120公顷,,,,20公顷,,102公顷,3公顷,,,,,,,e599c779638be265c6ee32f20d28955e,http://www.landchina.com/DesktopModule/BizframeExtendMdl/workList/bulWorkView.aspx?wmguid=6506735a-142d-4bde-9674-121656045ed1&recorderguid=14add281-5167-4558-9044-5498d37ad7fc&sitePath=,2020/7/6
无极县2020年度国有建设用地供应计划,2020年3月30日 9:40,河北省 > 石家庄市 > 无极县,无极县,石家庄市,2020,83.5035公顷以内,,,0.7902公顷,56.2215公顷,11.9290公顷,,,,,,14.1017公顷,,,,,0.4611公顷,,207ddb9176f1090b55ecdd5ef73db860,http://www.landchina.com/DesktopModule/BizframeExtendMdl/workList/bulWorkView.aspx?wmguid=6506735a-142d-4bde-9674-121656045ed1&recorderguid=e7b4f4b7-bd1b-4dd8-8877-221227753d2b&sitePath=,2020/7/6
柏乡县2020年度国有建设用地供应计划,2020年3月30日 9:11,河北省 > 邢台市 > 柏乡县,柏乡县,邢台市,2020,65.2915公顷,60.1294公顷以内,5.1621公顷,1.7805公顷,,16.851公顷,,,,,,4.7838公顷,,,,,,,019c6f25da69046feda905ef0abd29f3,http://www.landchina.com/DesktopModule/BizframeExtendMdl/workList/bulWorkView.aspx?wmguid=6506735a-142d-4bde-9674-121656045ed1&recorderguid=66b4a0e8-24ec-4e7c-951d-21dd08a7c014&sitePath=,2020/7/6
南和县2020年度国有建设用地供应计划,2020年3月29日 9:19,河北省 > 邢台市 > 南和县,南和县,邢台市,2020,573023平方,,,,238413平方,159998平方,,,,,,146386平方,,,,,,,2b95f83d4248deda28389dd1c979e4d1,http://www.landchina.com/DesktopModule/BizframeExtendMdl/workList/bulWorkView.aspx?wmguid=6506735a-142d-4bde-9674-121656045ed1&recorderguid=59462c88-51f2-4719-9741-9647bf1ef8e4&sitePath=,2020/7/6
三河市2020年度国有建设用地供应计划,2020年3月28日 17:56,河北省 > 廊坊市 > 三河市,三河市,廊坊市,2020,309.9857公顷以内,,,25.5633公顷,159.1332公顷,76.6598公顷,,,,,3.0067公顷,45.6227公顷,,,,,,,7846816497ec707ff6455608ed3f8c5a,http://www.landchina.com/DesktopModule/BizframeExtendMdl/workList/bulWorkView.aspx?wmguid=6506735a-142d-4bde-9674-121656045ed1&recorderguid=8fdffd4b-0345-4431-a162-2c3ec13f404a&sitePath=,2020/7/6
隆尧县2020年度国有建设用地供应计划,2020年3月28日 11:03,河北省 > 邢台市 > 隆尧县,隆尧县,邢台市,2020,113.196公顷,89.5967公顷,,2.392公顷,,31.2公顷,,,,,,8.654公顷,,,,,,,a609fe052ccc4a66f81af22a425a2da0,http://www.landchina.com/DesktopModule/BizframeExtendMdl/workList/bulWorkView.aspx?wmguid=6506735a-142d-4bde-9674-121656045ed1&recorderguid=7089f124-3c99-43cc-8f54-91efd2873681&sitePath=,2020/7/6
临西县2020年度国有建设用地供应计划,2020年3月28日 10:21,河北省 > 邢台市 > 临西县,临西县,邢台市,2020,114.4846公顷,,,10.2060公顷,71.3893公顷,18.074公顷,,,,,1.8420公顷,8.7793公顷,,,,,4.1940公顷,,d78f5f6c89c062ffdd16bdb608d24dc7,http://www.landchina.com/DesktopModule/BizframeExtendMdl/workList/bulWorkView.aspx?wmguid=6506735a-142d-4bde-9674-121656045ed1&recorderguid=4459e641-788a-4717-89db-8bc5811eefce&sitePath=,2020/7/6
临漳县2020年度国有建设用地供应计划,2020年3月28日 10:02,河北省 > 邯郸市 > 临漳县,临漳县,邯郸市,2020,284.6275公顷,,,84.4947公顷,114.5591公顷,45.7371公顷,,,,,8.2673公顷,32.5440公顷,,,,,1.0053公顷,,faf8df44953735a4748f41a77b6091ba,http://www.landchina.com/DesktopModule/BizframeExtendMdl/workList/bulWorkView.aspx?wmguid=6506735a-142d-4bde-9674-121656045ed1&recorderguid=a3c17a90-ce12-4e1f-9dc1-6ec5bc6526ac&sitePath=,2020/7/6
广宗县2020年度国有建设用地供应计划,2020年3月28日 9:38,河北省 > 邢台市 > 广宗县,广宗县,邢台市,2020,73.3公顷,,,,50.7公顷,17.3公顷,,,,,,5.3公顷,,,,,,,15df424abcdd039af234ba82ed6761ca,http://www.landchina.com/DesktopModule/BizframeExtendMdl/workList/bulWorkView.aspx?wmguid=6506735a-142d-4bde-9674-121656045ed1&recorderguid=42ede60f-1398-4c02-a620-e65f1ba67cc6&sitePath=,2020/7/6
任县2020年度国有建设用地供应计划,2020年3月27日 17:34,河北省 > 邢台市 > 任县,任县,邢台市,2020,104.39公顷,100.83公顷以内,3.56公顷,,,,,,,,,,,,64.42公顷,,,,4b80e0f4ec146652992beb7d492eaef8,http://www.landchina.com/DesktopModule/BizframeExtendMdl/workList/bulWorkView.aspx?wmguid=6506735a-142d-4bde-9674-121656045ed1&recorderguid=75c8d62c-3d48-491b-ac9b-81e5631112d3&sitePath=,2020/7/6
沧州市本级2020年度国有建设用地供应计划,2020年3月27日 17:16,河北省 > 沧州市 > 沧州市本级,沧州市本级,沧州市,2020,995.3828公顷,,403.7280公顷,53.8640公顷,430.9674公顷,310.8668公顷,,,,48.1334公顷,106.7788公顷,92.9058公顷,,,,,,,aec14cc3bc72ae3386605bf24375a9eb,http://www.landchina.com/DesktopModule/BizframeExtendMdl/workList/bulWorkView.aspx?wmguid=6506735a-142d-4bde-9674-121656045ed1&recorderguid=7d828564-a7e0-4db4-b9d5-32f7764b48d5&sitePath=,2020/7/6
海兴县2020年度国有建设用地供应计划,2020年3月27日 16:34,河北省 > 沧州市 > 海兴县,海兴县,沧州市,2020,488.33公顷,,,5公顷,100公顷,20公顷,,,15公顷,,333.33公顷,30公顷,,,,,,,14c3e9c66cee85679e04fb2ec949407d,http://www.landchina.com/DesktopModule/BizframeExtendMdl/workList/bulWorkView.aspx?wmguid=6506735a-142d-4bde-9674-121656045ed1&recorderguid=6e636096-f110-4a78-8ecc-6f00e0e33ae1&sitePath=,2020/7/6
泊头市2020年度国有建设用地供应计划,2020年3月27日 16:29,河北省 > 沧州市 > 泊头市,泊头市,沧州市,2020,101公顷,,,1公顷,60公顷,33公顷,,25公顷,,,,1公顷,,,,,0公顷,,2d411aa463738c6290ded6a514cd1649,http://www.landchina.com/DesktopModule/BizframeExtendMdl/workList/bulWorkView.aspx?wmguid=6506735a-142d-4bde-9674-121656045ed1&recorderguid=db63a3fe-2f76-4995-8512-dd6aa2dccefe&sitePath=,2020/7/6
新河县2020年度国有建设用地供应计划,2020年3月27日 16:18,河北省 > 邢台市 > 新河县,新河县,邢台市,2020,76.46公顷以内,,,3.9963公顷,48.2065公顷,15.3493公顷,,,,10.8公顷,1.7981公顷,7.1098公顷,,,,,,,5da9772737637d40d18c22ba5d0da84e,http://www.landchina.com/DesktopModule/BizframeExtendMdl/workList/bulWorkView.aspx?wmguid=6506735a-142d-4bde-9674-121656045ed1&recorderguid=90e189d7-6aaf-4dda-872c-6b55795389ba&sitePath=,2020/7/6
宽城满族自治县2020年度国有建设用地供应计划,2020年3月27日 16:12,河北省 > 承德市 > 宽城满族自治县,宽城满族自治县,承德市,2020,191.56公顷,,,21.4174公顷,,41.4157公顷,,,,,39.9484公顷,16.5186公顷,,,,,0.4845公顷,,db391793e74b470dc2d156dea364ceb6,http://www.landchina.com/DesktopModule/BizframeExtendMdl/workList/bulWorkView.aspx?wmguid=6506735a-142d-4bde-9674-121656045ed1&recorderguid=cf1b08a7-f6bb-460f-8049-44c7544f1673&sitePath=,2020/7/6
易县2020年度国有建设用地供应计划,2020年3月27日 15:45,河北省 > 保定市 > 易县,易县,保定市,2020,173.8974公顷以内,,,44.3071公顷,75.3483公顷,16.9714公顷,,,,,26.3941公顷,,,,,,,,3463ff07b1b25f00b094f7219e46aa54,http://www.landchina.com/DesktopModule/BizframeExtendMdl/workList/bulWorkView.aspx?wmguid=6506735a-142d-4bde-9674-121656045ed1&recorderguid=c1a81f65-8636-4084-90a1-f234d68da88d&sitePath=,2020/7/6
深州市2020年度国有建设用地供应计划,2020年3月27日 14:33,河北省 > 衡水市 > 深州市,深州市,衡水市,2020,260公顷以内,,,10公顷,,40公顷,,,,15公顷,25公顷,30公顷,5公顷,,,,5公顷,,3a5cf9a68fa11f7be7b761031f3af0e0,http://www.landchina.com/DesktopModule/BizframeExtendMdl/workList/bulWorkView.aspx?wmguid=6506735a-142d-4bde-9674-121656045ed1&recorderguid=609064b5-166b-4969-bd78-feec2496d693&sitePath=,2020/7/6
香河县2020年度国有建设用地供应计划,2020年3月27日 14:24,河北省 > 廊坊市 > 香河县,香河县,廊坊市,2020,113.6618公顷,,,19.7597公顷,38.2690公顷,49.0378公顷,,,,,,6.5953公顷,,,,,,,1a15096f917fecf046343b7b946ef531,http://www.landchina.com/DesktopModule/BizframeExtendMdl/workList/bulWorkView.aspx?wmguid=6506735a-142d-4bde-9674-121656045ed1&recorderguid=dd0d2bd9-eb18-4162-9974-a28afda16ba5&sitePath=,2020/7/6
东光县2020年度国有建设用地供应计划,2020年3月27日 10:49,河北省 > 沧州市 > 东光县,东光县,沧州市,2020,,,,3.33公顷,50公顷,40公顷,,,,,1公顷,2.5公顷,,,,,,,0cdfb92dfc2a909d7e5aede0dc8abf91,http://www.landchina.com/DesktopModule/BizframeExtendMdl/workList/bulWorkView.aspx?wmguid=6506735a-142d-4bde-9674-121656045ed1&recorderguid=ad9260ef-faab-40a6-b741-a572fc46a9f1&sitePath=,2020/7/6
阜平县2020年度国有建设用地供应计划,2020年3月27日 10:37,河北省 > 保定市 > 阜平县,阜平县,保定市,2020,107.2769公顷以内,,,4.1708公顷,16.5550公顷,33.1567公顷,,,,,,18.5318公顷,,,,,34.8626公顷,,e4f39257c9e13a15091fb296e8b9ddac,http://www.landchina.com/DesktopModule/BizframeExtendMdl/workList/bulWorkView.aspx?wmguid=6506735a-142d-4bde-9674-121656045ed1&recorderguid=0c0083c4-56c3-4370-83af-9bd82246acf3&sitePath=,2020/7/6
巨鹿县2020年度国有建设用地供应计划,2020年3月27日 10:35,河北省 > 邢台市 > 巨鹿县,巨鹿县,邢台市,2020,114.8673公顷,,,,83.7567公顷,24.4977公顷,,,,,,6.6129公顷,,,,,,,e669837bd00d255e783be0dc25fc00f1,http://www.landchina.com/DesktopModule/BizframeExtendMdl/workList/bulWorkView.aspx?wmguid=6506735a-142d-4bde-9674-121656045ed1&recorderguid=4a2733fe-132f-4703-ba67-da70ee9f3594&sitePath=,2020/7/6
河间市2020年度国有建设用地供应计划,2020年3月27日 10:33,河北省 > 沧州市 > 河间市,河间市,沧州市,2020,152.8177公顷以内,,,9.0223公顷,67.6164公顷,42.2915公顷,,,,,19.8414公顷,14.0461公顷,,,,,,,0a13617555e3b1f06d0ae90afecdbef7,http://www.landchina.com/DesktopModule/BizframeExtendMdl/workList/bulWorkView.aspx?wmguid=6506735a-142d-4bde-9674-121656045ed1&recorderguid=97783eb6-3323-43cb-8bf3-66995fe44c8f&sitePath=,2020/7/6
隆化县2020年度国有建设用地供应计划,2020年3月27日 10:28,河北省 > 承德市 > 隆化县,隆化县,承德市,2020,93.0公顷以内,,,30公顷,25公顷,21公顷,,,,,2.0公顷,15公顷,,,,,,,b109df7c225c6d66d3c25712a9645c63,http://www.landchina.com/DesktopModule/BizframeExtendMdl/workList/bulWorkView.aspx?wmguid=6506735a-142d-4bde-9674-121656045ed1&recorderguid=040d8518-6458-4c63-bf0b-d2ece42654ba&sitePath=,2020/7/6
肃宁县2020年度国有建设用地供应计划,2020年3月27日 10:25,河北省 > 沧州市 > 肃宁县,肃宁县,沧州市,2020,,,,,,,,,,,,,,,,,,,8605aefa46b1c7173472debcd1a3d8d8,http://www.landchina.com/DesktopModule/BizframeExtendMdl/workList/bulWorkView.aspx?wmguid=6506735a-142d-4bde-9674-121656045ed1&recorderguid=3c149f7d-b471-4c34-90b4-9c7fc9eb4f17&sitePath=,2020/7/6
南皮县2020年度国有建设用地供应计划,2020年3月27日 10:08,河北省 > 沧州市 > 南皮县,南皮县,沧州市,2020,125.44公顷,120公顷以内,14.13公顷,4.84公顷,,25.88公顷,,,,,15.09公顷,5.70公顷,,,,,,,4983beb481b9f002f5c18134ec3d3301,http://www.landchina.com/DesktopModule/BizframeExtendMdl/workList/bulWorkView.aspx?wmguid=6506735a-142d-4bde-9674-121656045ed1&recorderguid=8be3a1fa-fbee-4670-a888-0be8036e6821&sitePath=,2020/7/6
临城县2020年度国有建设用地供应计划,2020年3月27日 9:28,河北省 > 邢台市 > 临城县,临城县,邢台市,2020,136.9923公顷以内,136.9923公顷,,6.38公顷,110.7015公顷,12.4531公顷,,,,,,7.4577公顷,,,,,,,d3445fbbaef86a600a41b5d3c03fc96b,http://www.landchina.com/DesktopModule/BizframeExtendMdl/workList/bulWorkView.aspx?wmguid=6506735a-142d-4bde-9674-121656045ed1&recorderguid=32152a81-8069-42d6-beee-02e276f1f2a1&sitePath=,2020/7/6
平泉县2020年度国有建设用地供应计划,2020年3月27日 9:15,河北省 > 承德市 > 平泉县,平泉县,承德市,2020,101.00公顷,,,0.6666公顷,,26.0公顷,,,26.0公顷,,,0.84公顷,,,,,,,b7fd484b9d468f62647484414fa7b801,http://www.landchina.com/DesktopModule/BizframeExtendMdl/workList/bulWorkView.aspx?wmguid=6506735a-142d-4bde-9674-121656045ed1&recorderguid=c98bab1a-8498-45bb-a4b9-b8af187513e2&sitePath=,2020/7/6
平乡县2020年度国有建设用地供应计划,2020年3月26日 16:41,河北省 > 邢台市 > 平乡县,平乡县,邢台市,2020,1323402.51平方,,,222500平方,406833平方,476563.51平方,,,,,,217506平方,,,,,,,fc99fd65511cd0f2c3c367caa1846b5a,http://www.landchina.com/DesktopModule/BizframeExtendMdl/workList/bulWorkView.aspx?wmguid=6506735a-142d-4bde-9674-121656045ed1&recorderguid=a4c85216-c75a-4e26-bba2-3201a107207e&sitePath=,2020/7/6
唐县2020年度国有建设用地供应计划,2020年3月26日 15:43,河北省 > 保定市 > 唐县,唐县,保定市,2020,,,,,,,,,,,,,,,,,,,868a506af8368dd12a7d2560aaf0158f,http://www.landchina.com/DesktopModule/BizframeExtendMdl/workList/bulWorkView.aspx?wmguid=6506735a-142d-4bde-9674-121656045ed1&recorderguid=99e75394-f044-4af2-bd88-13662c427e94&sitePath=,2020/7/6
阳原县2020年度国有建设用地供应计划,2020年3月26日 11:51,河北省 > 张家口市 > 阳原县,阳原县,张家口市,2020,65.1634公顷,,,9.7602公顷,,24.1167公顷,,,,,6.2339公顷,6.7603公顷,,,18.0973公顷,,0.1950公顷,,ccb749c4dd766fb7c3ec8f34499aeebb,http://www.landchina.com/DesktopModule/BizframeExtendMdl/workList/bulWorkView.aspx?wmguid=6506735a-142d-4bde-9674-121656045ed1&recorderguid=63af6010-72ff-4025-9263-9bd81348840b&sitePath=,2020/7/6
永清县2020年度国有建设用地供应计划,2020年3月26日 11:31,河北省 > 廊坊市 > 永清县,永清县,廊坊市,2020,92.3938公顷,,,2.4478公顷,21.8505公顷,68.0955公顷,,,,,,,,,,,,,0f1ee8c078bcbc44d7538d332f04c206,http://www.landchina.com/DesktopModule/BizframeExtendMdl/workList/bulWorkView.aspx?wmguid=6506735a-142d-4bde-9674-121656045ed1&recorderguid=99a797ae-f211-4947-8bad-82d4396a169c&sitePath=,2020/7/6
迁西县2020年度国有建设用地供应计划,2020年3月26日 11:23,河北省 > 唐山市 > 迁西县,迁西县,唐山市,2020,98.7434公顷以内,94.4981公顷,4.2453公顷,18.1612公顷,31.6764公顷,46.7459公顷,,,,,,2.1599公顷,,,,,,,4e9f59927583ddb839f3fd1fcc05ab4e,http://www.landchina.com/DesktopModule/BizframeExtendMdl/workList/bulWorkView.aspx?wmguid=6506735a-142d-4bde-9674-121656045ed1&recorderguid=faa2e657-93de-4594-b287-e5332487c176&sitePath=,2020/7/6
玉田县2020年度国有建设用地供应计划,2020年3月26日 9:51,河北省 > 唐山市 > 玉田县,玉田县,唐山市,2020,122.1977公顷,,,7.5754公顷,92.7599公顷,21.5333公顷,,,,,,0.3291公顷,,,,,,,cf9719f69b77e95e4690fbfb5ee72306,http://www.landchina.com/DesktopModule/BizframeExtendMdl/workList/bulWorkView.aspx?wmguid=6506735a-142d-4bde-9674-121656045ed1&recorderguid=bd443e63-15c5-46e9-a160-40e50d3e88e4&sitePath=,2020/7/6
怀来县2020年度国有建设用地供应计划,2020年3月25日 16:10,河北省 > 张家口市 > 怀来县,怀来县,张家口市,2020,220.0812公顷,,,25.6425公顷,73.4565公顷,95.6508公顷,,,,,,,,,,,,,08b3e62ce62baf62fb848c2c8f6e4cd0,http://www.landchina.com/DesktopModule/BizframeExtendMdl/workList/bulWorkView.aspx?wmguid=6506735a-142d-4bde-9674-121656045ed1&recorderguid=0855c070-7f9a-4046-83e3-cc501f1b223f&sitePath=,2020/7/6
阜城县2020年度国有建设用地供应计划,2020年3月25日 14:56,河北省 > 衡水市 > 阜城县,阜城县,衡水市,2020,208.2024公顷,,,8.5公顷,158.982公顷,17.76公顷,,,17.6249公顷,,0.88公顷,22.08公顷,,,,,,,bb9756839f9fd4da15e1eb548b9a0f0d,http://www.landchina.com/DesktopModule/BizframeExtendMdl/workList/bulWorkView.aspx?wmguid=6506735a-142d-4bde-9674-121656045ed1&recorderguid=d5ea209f-0705-41e0-a131-5913eca18986&sitePath=,2020/7/6
宁晋县2020年度国有建设用地供应计划,2020年3月25日 14:43,河北省 > 邢台市 > 宁晋县,宁晋县,邢台市,2020,175.4668公顷,,,11.5171公顷,,26.6061公顷,,,,,,,,,,,,,3db8d1020f27c6288e7075d4875ed536,http://www.landchina.com/DesktopModule/BizframeExtendMdl/workList/bulWorkView.aspx?wmguid=6506735a-142d-4bde-9674-121656045ed1&recorderguid=850198ec-b05a-4028-a9c9-a3788742a85a&sitePath=,2020/7/6
平山县2020年度国有建设用地供应计划,2020年3月25日 11:15,河北省 > 石家庄市 > 平山县,平山县,石家庄市,2020,156.6444公顷,156.6444公顷,0公顷,55.7449公顷,37.3741公顷,33.1728公顷,0.3333公顷,23.23公顷,,,6.5770公顷,23.7756公顷,,,,,,,8fedc5a189fa1a4f351d8398e5d0de38,http://www.landchina.com/DesktopModule/BizframeExtendMdl/workList/bulWorkView.aspx?wmguid=6506735a-142d-4bde-9674-121656045ed1&recorderguid=219c673b-8516-4608-bf57-ca27af19a5bc&sitePath=,2020/7/6
黄骅市2020年度国有建设用地供应计划,2020年3月25日 10:55,河北省 > 沧州市 > 黄骅市,黄骅市,沧州市,2020,1065.2967公顷,,,1065.2967公顷,1065.2967公顷,1065.2967公顷,,,,,1065.2967公顷,1065.2967公顷,1065.2967公顷,,,,,,63ad1a952e208a8bfe01caa22bb21c38,http://www.landchina.com/DesktopModule/BizframeExtendMdl/workList/bulWorkView.aspx?wmguid=6506735a-142d-4bde-9674-121656045ed1&recorderguid=71a03e7d-f6f9-4df5-847b-86e83d2b74fb&sitePath=,2020/7/6
高邑县2020年度国有建设用地供应计划,2020年3月25日 10:49,河北省 > 石家庄市 > 高邑县,高邑县,石家庄市,2020,150.72234公顷,,,,,36.592673公顷,,,,,,,,,107.98376公顷,,,,1e8741a8b7d9924d34f23d08676dd821,http://www.landchina.com/DesktopModule/BizframeExtendMdl/workList/bulWorkView.aspx?wmguid=6506735a-142d-4bde-9674-121656045ed1&recorderguid=9e45319f-33be-497e-b0ee-c8a99140f9bc&sitePath=,2020/7/6
深泽县2020年度国有建设用地供应计划,2020年3月25日 10:46,河北省 > 石家庄市 > 深泽县,深泽县,石家庄市,2020,,,,,,,,,,,,,,,,,,,0c7db59b6faa8d175f14bf55ad15d0a6,http://www.landchina.com/DesktopModule/BizframeExtendMdl/workList/bulWorkView.aspx?wmguid=6506735a-142d-4bde-9674-121656045ed1&recorderguid=da654701-eb18-40c0-b1ee-7d11413ba8de&sitePath=,2020/7/6
武安市2020年度国有建设用地供应计划,2020年3月25日 9:53,河北省 > 邯郸市 > 武安市,武安市,邯郸市,2020,180公顷,,,70公顷,100公顷,,,,,,,10公顷,,,,,,,e252d2761455d80aae8cf2d3d9b8085f,http://www.landchina.com/DesktopModule/BizframeExtendMdl/workList/bulWorkView.aspx?wmguid=6506735a-142d-4bde-9674-121656045ed1&recorderguid=7708e2b3-f4b5-4180-b5bb-a47e00e1aad2&sitePath=,2020/7/6
元氏县2020年度国有建设用地供应计划,2020年3月24日 16:01,河北省 > 石家庄市 > 元氏县,元氏县,石家庄市,2020,113.1886公顷,97.7179公顷,15.4707公顷,35.4183公顷,,55.7836公顷,,39.0486公顷,,,,,,,43.6599公顷,,,,f6e645fab2330d3e6a86e39b1ad5338b,http://www.landchina.com/DesktopModule/BizframeExtendMdl/workList/bulWorkView.aspx?wmguid=6506735a-142d-4bde-9674-121656045ed1&recorderguid=f4a068a6-70dd-436e-b7a0-8c15b68a0d23&sitePath=,2020/7/6
行唐县2020年度国有建设用地供应计划,2020年3月24日 15:46,河北省 > 石家庄市 > 行唐县,行唐县,石家庄市,2020,92.4419公顷,83.1085公顷以内,9.3334公顷,,,15.5974公顷,,,,,,30.6398公顷,,,46.2047公顷,,,,b553a02d98636049d1c3b22f3a5f4ae8,http://www.landchina.com/DesktopModule/BizframeExtendMdl/workList/bulWorkView.aspx?wmguid=6506735a-142d-4bde-9674-121656045ed1&recorderguid=b41f08a1-e236-4ffa-8dac-3bebbb811f55&sitePath=,2020/7/6
吴桥县2020年度国有建设用地供应计划,2020年3月24日 11:02,河北省 > 沧州市 > 吴桥县,吴桥县,沧州市,2020,188.4240公顷以内,111.1567公顷以内,77.2673公顷,,,33.7507公顷,,,,,20公顷,9.7066公顷,,,40公顷,,,,bd6659525a1dcd154c4da6fbe881a334,http://www.landchina.com/DesktopModule/BizframeExtendMdl/workList/bulWorkView.aspx?wmguid=6506735a-142d-4bde-9674-121656045ed1&recorderguid=0d4b65b0-aec6-4b5e-adaa-c2e68fd2491c&sitePath=,2020/7/6
石家庄市本级2020年度国有建设用地供应计划,2020年3月24日 10:10,河北省 > 石家庄市 > 石家庄市本级,石家庄市本级,石家庄市,2020,1526.56公顷以内,,,148.07公顷,482.37公顷,520.89公顷,,,,,134.01公顷,241.12公顷,,,,,,,e3fd3cbe9bf96b557773197c4633e024,http://www.landchina.com/DesktopModule/BizframeExtendMdl/workList/bulWorkView.aspx?wmguid=6506735a-142d-4bde-9674-121656045ed1&recorderguid=28e6d890-4ff8-4cc1-a386-41e0253b4b77&sitePath=,2020/7/6
青县2020年度国有建设用地供应计划,2020年3月24日 9:55,河北省 > 沧州市 > 青县,青县,沧州市,2020,117.58公顷以内,,,3.86公顷,,42.56公顷,,,,,,,,,53.38公顷,,,,b3f993b2e4c2c464c5e725fc6c687f57,http://www.landchina.com/DesktopModule/BizframeExtendMdl/workList/bulWorkView.aspx?wmguid=6506735a-142d-4bde-9674-121656045ed1&recorderguid=cb53bcb3-2800-4134-82b9-a55fb846be4e&sitePath=,2020/7/6
清河县2020年度国有建设用地供应计划,2020年3月23日 18:04,河北省 > 邢台市 > 清河县,清河县,邢台市,2020,,,,13公顷,67公顷,,,,,,,,,,,,,,19fe13426fd6f24d9e4e593f3bb5ff53,http://www.landchina.com/DesktopModule/BizframeExtendMdl/workList/bulWorkView.aspx?wmguid=6506735a-142d-4bde-9674-121656045ed1&recorderguid=ebb3900e-a6fb-4bc1-8c82-a8bac8ddadce&sitePath=,2020/7/6
晋州市2020年度国有建设用地供应计划,2020年3月23日 16:21,河北省 > 石家庄市 > 晋州市,晋州市,石家庄市,2020,85公顷,,,,,57公顷,,,,,,,,,36公顷,,,,1df8c6d201047a3a9ad2c5fd05a1ab40,http://www.landchina.com/DesktopModule/BizframeExtendMdl/workList/bulWorkView.aspx?wmguid=6506735a-142d-4bde-9674-121656045ed1&recorderguid=e4b9b3ea-b047-4ebd-886d-c1fbdfe556a2&sitePath=,2020/7/6
孟村回族自治县2020年度国有建设用地供应计划,2020年3月23日 16:11,河北省 > 沧州市 > 孟村回族自治县,孟村回族自治县,沧州市,2020,92公顷以内,70公顷以内,12公顷,7公顷,40公顷,20公顷,,,,,,5公顷,,,,,,,c4295aaa05b36d700b920cc6a9f8a78a,http://www.landchina.com/DesktopModule/BizframeExtendMdl/workList/bulWorkView.aspx?wmguid=6506735a-142d-4bde-9674-121656045ed1&recorderguid=0e4a76f6-08fe-4398-a900-2ba6da2dddea&sitePath=,2020/7/6
武强县2020年度国有建设用地供应计划,2020年3月23日 15:33,河北省 > 衡水市 > 武强县,武强县,衡水市,2020,70.5公顷,,,2.5公顷,,8.5公顷,,,,,,,,,,,,,8c77a76340976b4008870cffd6586289,http://www.landchina.com/DesktopModule/BizframeExtendMdl/workList/bulWorkView.aspx?wmguid=6506735a-142d-4bde-9674-121656045ed1&recorderguid=86edd500-3be3-4c8b-a396-097b5c98dafc&sitePath=,2020/7/6
献县2020年度国有建设用地供应计划,2020年3月23日 14:46,河北省 > 沧州市 > 献县,献县,沧州市,2020,,,,,,,,,,,,,,,,,,,a59ae08c4a3cb416e6e3e526f67f954d,http://www.landchina.com/DesktopModule/BizframeExtendMdl/workList/bulWorkView.aspx?wmguid=6506735a-142d-4bde-9674-121656045ed1&recorderguid=568cd975-4bb1-467a-b5ce-0784d83fc296&sitePath=,2020/7/6
枣强县2020年度国有建设用地供应计划,2020年3月23日 11:18,河北省 > 衡水市 > 枣强县,枣强县,衡水市,2020,73.3334公顷,,,2.3636公顷,54.7393公顷,,,,,,,2.8964公顷,,,,,,,8e27a195875761f876f1c8714fe9225d,http://www.landchina.com/DesktopModule/BizframeExtendMdl/workList/bulWorkView.aspx?wmguid=6506735a-142d-4bde-9674-121656045ed1&recorderguid=1f34d47f-cf9d-4414-ba26-77e0209f98e2&sitePath=,2020/7/6
鸡泽县2020年度国有建设用地供应计划,2020年3月23日 8:59,河北省 > 邯郸市 > 鸡泽县,鸡泽县,邯郸市,2020,150公顷以内,130公顷以内,20公顷,20公顷,74公顷,46公顷,,,,,,10公顷,,,,,,2公顷,6dec09149f255222dbc697aa527b7838,http://www.landchina.com/DesktopModule/BizframeExtendMdl/workList/bulWorkView.aspx?wmguid=6506735a-142d-4bde-9674-121656045ed1&recorderguid=de7cf334-9625-4865-9cc1-70de7f4282a9&sitePath=,2020/7/6
迁安市2020年度国有建设用地供应计划,2020年3月20日 16:44,河北省 > 唐山市 > 迁安市,迁安市,唐山市,2020,256.7874公顷,,,8.2015公顷,76.83公顷,21.2231公顷,,,21.2231公顷,,120.1341公顷,30.3987公顷,,,,,,,980f06036f7bf9ed7710afc851f24112,http://www.landchina.com/DesktopModule/BizframeExtendMdl/workList/bulWorkView.aspx?wmguid=6506735a-142d-4bde-9674-121656045ed1&recorderguid=eda2e456-19aa-497f-97da-2419b577a200&sitePath=,2020/7/6
威县2020年度国有建设用地供应计划,2020年3月20日 10:48,河北省 > 邢台市 > 威县,威县,邢台市,2020,213.6757公顷,191.3493公顷以内,22.3264公顷,22.9704公顷,127.5293公顷,56.2525公顷,,,,,0.7937公顷,6.1298公顷,,,,,,,4b87a35b10705498dab8c9eb651bbf04,http://www.landchina.com/DesktopModule/BizframeExtendMdl/workList/bulWorkView.aspx?wmguid=6506735a-142d-4bde-9674-121656045ed1&recorderguid=b0df4bc6-001f-4754-8f52-c6795d09c715&sitePath=,2020/7/6
曲周县2020年度国有建设用地供应计划,2020年3月19日 10:55,河北省 > 邯郸市 > 曲周县,曲周县,邯郸市,2020,81.92公顷,,,3.37公顷,,22.35公顷,,,,,0.97公顷,11.00公顷,,,,,,,daf3f42ebfce94fe28ec351183398c42,http://www.landchina.com/DesktopModule/BizframeExtendMdl/workList/bulWorkView.aspx?wmguid=6506735a-142d-4bde-9674-121656045ed1&recorderguid=e0a1957c-9ec1-440c-95fe-d4ce10d5599d&sitePath=,2020/7/6
鸡泽县2019年度国有建设用地供应计划,2019年7月2日 11:50,河北省 > 邯郸市 > 鸡泽县,鸡泽县,邯郸市,2019,150公顷以内,130公顷以内,20公顷,20公顷,88公顷,32公顷,,,,,,10公顷,,,,,,2公顷,31fdabd0ae0db1a32bbbb52b2238e103,http://www.landchina.com/DesktopModule/BizframeExtendMdl/workList/bulWorkView.aspx?wmguid=6506735a-142d-4bde-9674-121656045ed1&recorderguid=ea8a4364-e026-4410-9dcf-5528bd772404&sitePath=,2020/7/6
石家庄市本级2019年度国有建设用地供应计划,2019年7月1日 15:40,河北省 > 石家庄市 > 石家庄市本级,石家庄市本级,石家庄市,2019,897.33公顷以内,,,145.04公顷,105.75公顷,332.07公顷,,,,,180.14公顷,134.32公顷,,,,,,,ba449933c1260b37752280e602a2d4ff,http://www.landchina.com/DesktopModule/BizframeExtendMdl/workList/bulWorkView.aspx?wmguid=6506735a-142d-4bde-9674-121656045ed1&recorderguid=31af8293-3f40-45b4-be4c-e1d3b273a352&sitePath=,2020/7/6
沧州市本级2019年度国有建设用地供应计划,2019年6月29日 16:33,河北省 > 沧州市 > 沧州市本级,沧州市本级,沧州市,2019,1242.5344公顷,,592.8258公顷,121.3816公顷,600.2875公顷,213.4925公顷,,,,33.5394公顷,151.6611公顷,155.7117公顷,,,,,,,5db2711663cc0a908bcb7a0e8132b5a8,http://www.landchina.com/DesktopModule/BizframeExtendMdl/workList/bulWorkView.aspx?wmguid=6506735a-142d-4bde-9674-121656045ed1&recorderguid=173ad090-eef3-4105-8a8a-b4a6f876d75f&sitePath=,2020/7/6
武安市2019年度国有建设用地供应计划,2019年6月29日 15:30,河北省 > 邯郸市 > 武安市,武安市,邯郸市,2019,200公顷,,,65公顷,,,,,,,,5公顷,,,,,,,9b2be058f9ba046f551c69e7b7cd53c8,http://www.landchina.com/DesktopModule/BizframeExtendMdl/workList/bulWorkView.aspx?wmguid=6506735a-142d-4bde-9674-121656045ed1&recorderguid=0bbf99d6-f65d-4884-b948-906b448f548a&sitePath=,2020/7/6
卢龙县2019年度国有建设用地供应计划,2019年4月4日 16:12,河北省 > 秦皇岛市 > 卢龙县,卢龙县,秦皇岛市,2019,237.0730公顷,220.6368公顷,16.4362公顷,209.1522公顷,159.5980公顷,18.6160公顷,14.6587公顷,,3.9573公顷,,5.5640公顷,27.9208公顷,,,,,,,a3024070420f7f6599e652bd7e8a3ccb,http://www.landchina.com/DesktopModule/BizframeExtendMdl/workList/bulWorkView.aspx?wmguid=6506735a-142d-4bde-9674-121656045ed1&recorderguid=1bf213ab-4ee5-4875-be55-c405aa6ae4f8&sitePath=,2020/7/6
丰宁满族自治县2019年度国有建设用地供应计划,2019年4月4日 15:12,河北省 > 承德市 > 丰宁满族自治县,丰宁满族自治县,承德市,2019,287.6082公顷以内,,,73.3931公顷,85.7984公顷,96.9999公顷,1.9399公顷,,,,,31.4168公顷,,,,,,,645cb500c12bbe32f47bba0df79ae3f1,http://www.landchina.com/DesktopModule/BizframeExtendMdl/workList/bulWorkView.aspx?wmguid=6506735a-142d-4bde-9674-121656045ed1&recorderguid=347793f3-c191-44e3-8ba4-ec5223bd2e43&sitePath=,2020/7/6
秦皇岛市本级2019年度国有建设用地供应计划,2019年4月4日 14:35,河北省 > 秦皇岛市 > 秦皇岛市本级,秦皇岛市本级,秦皇岛市,2019,1346公顷,1185亩,161亩,566公顷,,194公顷,,,,,126公顷,75公顷,4公顷,,,,16公顷,,739839fa844a9d384de66ab03f010fe6,http://www.landchina.com/DesktopModule/BizframeExtendMdl/workList/bulWorkView.aspx?wmguid=6506735a-142d-4bde-9674-121656045ed1&recorderguid=ca3c753a-28a3-4f53-9981-08255361f203&sitePath=,2020/7/6
盐山县2019年度国有建设用地供应计划,2019年4月4日 12:37,河北省 > 沧州市 > 盐山县,盐山县,沧州市,2019,154.86公顷,,,70.01公顷,54.14公顷,15.53公顷,,,,,,15.18公顷,,,,,,,4b8c3aa2dc4e329db824a5bf1f5b4962,http://www.landchina.com/DesktopModule/BizframeExtendMdl/workList/bulWorkView.aspx?wmguid=6506735a-142d-4bde-9674-121656045ed1&recorderguid=e3045aee-fecb-4377-86f2-2eae6015a9e1&sitePath=,2020/7/6
高邑县2019年度国有建设用地供应计划,2019年4月4日 10:43,河北省 > 石家庄市 > 高邑县,高邑县,石家庄市,2019,82.56公顷,,,2.16公顷,65公顷,13公顷,,,,,,,,,,,,,353f0e598cc512c93406dc4ecd90cfdc,http://www.landchina.com/DesktopModule/BizframeExtendMdl/workList/bulWorkView.aspx?wmguid=6506735a-142d-4bde-9674-121656045ed1&recorderguid=c07884fd-6792-46ae-9980-717365239098&sitePath=,2020/7/6
鸡泽县2019年度国有建设用地供应计划,2019年4月4日 10:24,河北省 > 邯郸市 > 鸡泽县,鸡泽县,邯郸市,2019,105公顷,90公顷以内,15公顷,10公顷,73公顷,25公顷,,,,,,,,,,,,1公顷,dd4083b0d1e2d2fcfae983f7e879fbc4,http://www.landchina.com/DesktopModule/BizframeExtendMdl/workList/bulWorkView.aspx?wmguid=6506735a-142d-4bde-9674-121656045ed1&recorderguid=8babf497-2106-48d9-ac2a-e9fd51b9d4e6&sitePath=,2020/7/6
赵县2019年度国有建设用地供应计划,2019年4月4日 10:10,河北省 > 石家庄市 > 赵县,赵县,石家庄市,2019,29.1328公顷,,,1.076公顷,9.7809公顷,17.5578公顷,,,,,,0.7181公顷,,,,,,,353ed0a46bb3018670d3c475875e1f80,http://www.landchina.com/DesktopModule/BizframeExtendMdl/workList/bulWorkView.aspx?wmguid=6506735a-142d-4bde-9674-121656045ed1&recorderguid=1717c15a-a379-4c90-9501-571eb668dd67&sitePath=,2020/7/6
玉田县2019年度国有建设用地供应计划,2019年4月4日 10:03,河北省 > 唐山市 > 玉田县,玉田县,唐山市,2019,222.1454公顷,,,8.7423公顷,179.9726公顷,19.8696公顷,,,,,,13.5606公顷,,,,,,,28c1a9e79cbedce3883ad99ae16f5ddc,http://www.landchina.com/DesktopModule/BizframeExtendMdl/workList/bulWorkView.aspx?wmguid=6506735a-142d-4bde-9674-121656045ed1&recorderguid=d629bdac-5bb5-4295-a33a-ba3717d9d7eb&sitePath=,2020/7/6
馆陶县2019年度国有建设用地供应计划,2019年4月3日 10:02,河北省 > 邯郸市 > 馆陶县,馆陶县,邯郸市,2019,,,,,,,,,,,,,,,,,,,192b00f2766c76e9482cb1db11770b70,http://www.landchina.com/DesktopModule/BizframeExtendMdl/workList/bulWorkView.aspx?wmguid=6506735a-142d-4bde-9674-121656045ed1&recorderguid=50db2040-dd0f-4090-8b26-1fdc37a8aaab&sitePath=,2020/7/6
曲周县2019年度国有建设用地供应计划,2019年4月2日 15:25,河北省 > 邯郸市 > 曲周县,曲周县,邯郸市,2019,155.05公顷,,,7.08公顷,,30.00公顷,,,,,23.43公顷,15.16公顷,,,,,3.75公顷,,c17eebbdae641d8ea8ffe789acbe7894,http://www.landchina.com/DesktopModule/BizframeExtendMdl/workList/bulWorkView.aspx?wmguid=6506735a-142d-4bde-9674-121656045ed1&recorderguid=990fddf6-de73-42d1-83b7-1b47791e9042&sitePath=,2020/7/6
邱县2019年度国有建设用地供应计划,2019年4月2日 11:50,河北省 > 邯郸市 > 邱县,邱县,邯郸市,2019,90.0805公顷以内,,,,46.1939公顷,12.54公顷,,,,,,,,19.9公顷,,,,,c2ecc732e431481a094b701fecc183a6,http://www.landchina.com/DesktopModule/BizframeExtendMdl/workList/bulWorkView.aspx?wmguid=6506735a-142d-4bde-9674-121656045ed1&recorderguid=e92a836b-ed9b-4d24-b662-95694f535ccd&sitePath=,2020/7/6
怀安县2019年度国有建设用地供应计划,2019年4月2日 11:03,河北省 > 张家口市 > 怀安县,怀安县,张家口市,2019,141.322公顷以内,110.3205公顷,31.0015公顷,24.9848公顷,49.986公顷,46.372公顷,,,,,13.7659公顷,6.2133公顷,,,,,,,3c5bef29147f40f28f85485fac0d1a1e,http://www.landchina.com/DesktopModule/BizframeExtendMdl/workList/bulWorkView.aspx?wmguid=6506735a-142d-4bde-9674-121656045ed1&recorderguid=6f2ceac0-3099-4d5e-92d4-7408527dea0c&sitePath=,2020/7/6
围场满族蒙古族自治县2019年度国有建设用地供应计划,2019年4月2日 10:57,河北省 > 承德市 > 围场满族蒙古族自治县,围场满族蒙古族自治县,承德市,2019,124公顷以内,,,36.2483公顷,43.5532公顷,31.3329公顷,,,,,3.8341公顷,8.0894公顷,,,,,,,783a21268b66afe5267e5d895746b5ff,http://www.landchina.com/DesktopModule/BizframeExtendMdl/workList/bulWorkView.aspx?wmguid=6506735a-142d-4bde-9674-121656045ed1&recorderguid=c3615986-3b89-4fe3-9f8d-1de123c14e65&sitePath=,2020/7/6
唐山市本级2019年度国有建设用地供应计划,2019年4月2日 10:35,河北省 > 唐山市 > 唐山市本级,唐山市本级,唐山市,2019,1779.12公顷,1555.48公顷,223.64公顷,68.15公顷,1151.29公顷,384.18公顷,,,,,121.47公顷,37.31公顷,,,,,16.72公顷,,5aa2191ac2fc432d2031c4ce53a538a0,http://www.landchina.com/DesktopModule/BizframeExtendMdl/workList/bulWorkView.aspx?wmguid=6506735a-142d-4bde-9674-121656045ed1&recorderguid=bf2427cd-9ac7-4baa-a859-4cbeafaa4ac9&sitePath=,2020/7/6
安平县2019年度国有建设用地供应计划,2019年4月2日 10:15,河北省 > 衡水市 > 安平县,安平县,衡水市,2019,123.9779公顷以内,,,3.9544公顷,34.7971公顷,11.8311公顷,1.7747公顷,,,2.9578公顷,36.7333公顷,36.6620公顷,,,,,,,81f0e9d676048bd8a36bbc0a5f78c1d1,http://www.landchina.com/DesktopModule/BizframeExtendMdl/workList/bulWorkView.aspx?wmguid=6506735a-142d-4bde-9674-121656045ed1&recorderguid=28202ca2-db3d-427c-84c2-80198ea7c8c4&sitePath=,2020/7/6
魏县2019年度国有建设用地供应计划,2019年4月2日 10:01,河北省 > 邯郸市 > 魏县,魏县,邯郸市,2019,173.9998公顷,,,6公顷,53.3333公顷,73.3333公顷,2.2公顷,,,,26.6666公顷,14.6666公顷,,,,,,,ab9d66edfbad3f609697432c0a613821,http://www.landchina.com/DesktopModule/BizframeExtendMdl/workList/bulWorkView.aspx?wmguid=6506735a-142d-4bde-9674-121656045ed1&recorderguid=603a6cf7-fa18-4ee3-90d4-f72932e2966b&sitePath=,2020/7/6
元氏县2019年度国有建设用地供应计划,2019年4月2日 9:11,河北省 > 石家庄市 > 元氏县,元氏县,石家庄市,2019,139.6894公顷,88.562公顷,51.1274公顷,37.8958公顷,,41.9652公顷,,29.3757公顷,,,21.9276公顷,,,,37.9008公顷,,,,cca23282d9cff9627f326a86a1ca3551,http://www.landchina.com/DesktopModule/BizframeExtendMdl/workList/bulWorkView.aspx?wmguid=6506735a-142d-4bde-9674-121656045ed1&recorderguid=44f6f16b-05dd-4605-8319-2e5d520f12cd&sitePath=,2020/7/6
肥乡县2019年度国有建设用地供应计划,2019年4月1日 18:10,河北省 > 邯郸市 > 肥乡县,肥乡县,邯郸市,2019,105.3333公顷以内,,,5.3333公顷,40公顷,23.3333公顷,,,,,,36.6667公顷,,,,,,,77a696f739003692d5c369bbb536b7c0,http://www.landchina.com/DesktopModule/BizframeExtendMdl/workList/bulWorkView.aspx?wmguid=6506735a-142d-4bde-9674-121656045ed1&recorderguid=ed7c726a-86cd-43ea-abe5-3b622e1fea8f&sitePath=,2020/7/6
承德市本级2019年度国有建设用地供应计划,2019年4月1日 17:32,河北省 > 承德市 > 承德市本级,承德市本级,承德市,2019,269.2660公顷以内,,,85.5261公顷,63.2453公顷,105.1313公顷,1.1664公顷,,,28.4272公顷,,,,,,,,,f94e28b675bf502aa1a83228d7b25593,http://www.landchina.com/DesktopModule/BizframeExtendMdl/workList/bulWorkView.aspx?wmguid=6506735a-142d-4bde-9674-121656045ed1&recorderguid=efc182e5-3eb9-4275-946e-d657c5bac46c&sitePath=,2020/7/6
保定市本级2019年度国有建设用地供应计划,2019年4月1日 14:21,河北省 > 保定市 > 保定市本级,保定市本级,保定市,2019,1335.2700公顷,8.7314公顷以内,20.3731公顷,85.0819公顷,418.6928公顷,388.9217公顷,,,,60.8693公顷,280.1186公顷,4.0553公顷,,,,,,,5e9e6a6cc49dae533fa14d6b50967304,http://www.landchina.com/DesktopModule/BizframeExtendMdl/workList/bulWorkView.aspx?wmguid=6506735a-142d-4bde-9674-121656045ed1&recorderguid=72ca1e31-8faf-4e16-9b63-41f4e2dab9d7&sitePath=,2020/7/6
邯郸市本级2019年度国有建设用地供应计划,2019年4月1日 9:49,河北省 > 邯郸市 > 邯郸市本级,邯郸市本级,邯郸市,2019,898.6850公顷以内,641.5971公顷,257.0879公顷,77.9022公顷,185.7972公顷,454.9039公顷,,,,,1.9324公顷,177.7493公顷,,,,,0.4000公顷,,06cd1cb7d9b9dd553d42596a2eb6197e,http://www.landchina.com/DesktopModule/BizframeExtendMdl/workList/bulWorkView.aspx?wmguid=6506735a-142d-4bde-9674-121656045ed1&recorderguid=9480611d-8401-484d-a2ca-398f53658d15&sitePath=,2020/7/6
宽城满族自治县2019年度国有建设用地供应计划,2019年4月1日 8:53,河北省 > 承德市 > 宽城满族自治县,宽城满族自治县,承德市,2019,355.8779公顷,,,51.9529公顷,,45.5357公顷,,,,,146.0322公顷,0.4145公顷,,,,,,,61725cc79dafe46abba08a988133e1dc,http://www.landchina.com/DesktopModule/BizframeExtendMdl/workList/bulWorkView.aspx?wmguid=6506735a-142d-4bde-9674-121656045ed1&recorderguid=fc4a7f9c-ae6b-4df5-bde1-0e04e2286b0a&sitePath=,2020/7/6
正定县2019年度国有建设用地供应计划,2019年3月30日 10:34,河北省 > 石家庄市 > 正定县,正定县,石家庄市,2019,412.7227公顷,386.4763公顷,26.2464公顷,78.3709公顷,126.2956公顷,85.0017公顷,,,,,3.7653公顷,119.2892公顷,,,,,,,78d8d9656aaabaff49a292107d5058df,http://www.landchina.com/DesktopModule/BizframeExtendMdl/workList/bulWorkView.aspx?wmguid=6506735a-142d-4bde-9674-121656045ed1&recorderguid=5f1d4e2d-8bdb-4901-91f1-b9db48dc76d1&sitePath=,2020/7/6
定兴县2019年度国有建设用地供应计划,2019年3月29日 17:27,河北省 > 保定市 > 定兴县,定兴县,保定市,2019,163.9233公顷,,,1.734公顷,47.092公顷,46.9753公顷,5.9520公顷,,,,31.3927公顷,36.7293公顷,,,,,,,2bee6c4069bf13a8d15fc8d011cf3cd4,http://www.landchina.com/DesktopModule/BizframeExtendMdl/workList/bulWorkView.aspx?wmguid=6506735a-142d-4bde-9674-121656045ed1&recorderguid=76318c70-4f04-4c02-b702-e73e489e4141&sitePath=,2020/7/6
衡水市本级2019年度国有建设用地供应计划,2019年3月29日 16:37,河北省 > 衡水市 > 衡水市本级,衡水市本级,衡水市,2019,2365.2859公顷以内,,,126.8109公顷,1164.875公顷,582.4988公顷,188.932公顷,,,,130.2286公顷,339.9632公顷,,,,,9.1294公顷,,897fda31993af5b9b47f05c0c07c8f17,http://www.landchina.com/DesktopModule/BizframeExtendMdl/workList/bulWorkView.aspx?wmguid=6506735a-142d-4bde-9674-121656045ed1&recorderguid=c3a42435-a394-4c41-bde1-0553fed0c8da&sitePath=,2020/7/6
辛集市2019年度国有建设用地供应计划,2019年3月29日 16:18,河北省 > 石家庄市 > 辛集市,辛集市,石家庄市,2019,273.9674公顷,,,9.157公顷,173.1448公顷,65公顷,,,,,6.4538公顷,19.8823公顷,,,,,0.3295公顷,,f3901ffb846929b755aec400dacd2f06,http://www.landchina.com/DesktopModule/BizframeExtendMdl/workList/bulWorkView.aspx?wmguid=6506735a-142d-4bde-9674-121656045ed1&recorderguid=68f66af4-f888-4181-809a-504642d690b9&sitePath=,2020/7/6
蔚县2019年度国有建设用地供应计划,2019年3月29日 16:11,河北省 > 张家口市 > 蔚县,蔚县,张家口市,2019,550公顷,320公顷,,20公顷,75公顷,150公顷,,,,,,25公顷,,,,,,,c09fcb164af7c99b24f67efefc893d61,http://www.landchina.com/DesktopModule/BizframeExtendMdl/workList/bulWorkView.aspx?wmguid=6506735a-142d-4bde-9674-121656045ed1&recorderguid=023171f7-a73d-40e7-b404-281f08f081a5&sitePath=,2020/7/6
深州市2019年度国有建设用地供应计划,2019年3月29日 9:02,河北省 > 衡水市 > 深州市,深州市,衡水市,2019,275公顷以内,,,10公顷,,50公顷,,,,40公顷,20公顷,25公顷,5公顷,,,,5公顷,,cf8976e7b54e989d4296691a0be1e3cd,http://www.landchina.com/DesktopModule/BizframeExtendMdl/workList/bulWorkView.aspx?wmguid=6506735a-142d-4bde-9674-121656045ed1&recorderguid=d5f00092-dbe0-47ad-9d1c-0fc220d54127&sitePath=,2020/7/6
张北县2019年度国有建设用地供应计划,2019年3月28日 18:54,河北省 > 张家口市 > 张北县,张北县,张家口市,2019,432.7031公顷,,,89.552公顷,52.468公顷,45.9513公顷,,,,,40.3535公顷,197.9116公顷,,,,,,,47587e391e3582be00c4b8cd1fffa9e2,http://www.landchina.com/DesktopModule/BizframeExtendMdl/workList/bulWorkView.aspx?wmguid=6506735a-142d-4bde-9674-121656045ed1&recorderguid=7e58d764-abd5-4806-875e-71843a90f763&sitePath=,2020/7/6
青龙满族自治县2019年度国有建设用地供应计划,2019年3月28日 17:23,河北省 > 秦皇岛市 > 青龙满族自治县,青龙满族自治县,秦皇岛市,2019,101.9899公顷,,,64.9116公顷,19.7547公顷,4.5734公顷,,,,,,12.7502公顷,,,,,,,1666f3c8df0f825dceb9027781b182a4,http://www.landchina.com/DesktopModule/BizframeExtendMdl/workList/bulWorkView.aspx?wmguid=6506735a-142d-4bde-9674-121656045ed1&recorderguid=81f3ba9d-73e8-4bcb-968b-916cf4d33e81&sitePath=,2020/7/6
康保县2019年度国有建设用地供应计划,2019年3月28日 17:00,河北省 > 张家口市 > 康保县,康保县,张家口市,2019,206公顷,,,,,25公顷,0公顷,,,1公顷,,,,,,,,,1830b0cd88a7089b628ea3410b183091,http://www.landchina.com/DesktopModule/BizframeExtendMdl/workList/bulWorkView.aspx?wmguid=6506735a-142d-4bde-9674-121656045ed1&recorderguid=770af657-6cdf-4aaa-b200-6d2c67bba4cd&sitePath=,2020/7/6
乐亭县2019年度国有建设用地供应计划,2019年3月28日 14:53,河北省 > 唐山市 > 乐亭县,乐亭县,唐山市,2019,551.87公顷以内,,,173.18公顷,,16.28公顷,,,,,,10.63公顷,,,,,0.83公顷,,972cf636a72012c87d769cfa051169a0,http://www.landchina.com/DesktopModule/BizframeExtendMdl/workList/bulWorkView.aspx?wmguid=6506735a-142d-4bde-9674-121656045ed1&recorderguid=675e0f04-9619-44b1-a3f9-5861b878076d&sitePath=,2020/7/6
唐山市曹妃甸区2019年度国有建设用地供应计划,2019年3月28日 14:14,河北省 > 唐山市 > 唐海县,唐海县,唐山市,2019,2132.59公顷以内,533.52公顷以内,1599.07公顷,133.48公顷,1356.68公顷,46.26公顷,,,,,342.59公顷,253.59公顷,,,,,,,fc2069dce910c520548be64158f244ed,http://www.landchina.com/DesktopModule/BizframeExtendMdl/workList/bulWorkView.aspx?wmguid=6506735a-142d-4bde-9674-121656045ed1&recorderguid=96affb80-9a50-4bba-880d-a2d587dbc5ec&sitePath=,2020/7/6
昌黎县2019年度国有建设用地供应计划,2019年3月28日 11:02,河北省 > 秦皇岛市 > 昌黎县,昌黎县,秦皇岛市,2019,287.392公顷以内,,,15公顷,60公顷,,,,20公顷,,182.392公顷,10公顷,,,,,,,e0c348d6a97296e2609b8bf319fc78c9,http://www.landchina.com/DesktopModule/BizframeExtendMdl/workList/bulWorkView.aspx?wmguid=6506735a-142d-4bde-9674-121656045ed1&recorderguid=2955216a-0f67-4e54-9dbc-7feb188c14a9&sitePath=,2020/7/6
临西县2019年度国有建设用地供应计划,2019年3月27日 17:37,河北省 > 邢台市 > 临西县,临西县,邢台市,2019,193.6507公顷,,,25.0933公顷,119.1347公顷,31.337公顷,,,,,10.778公顷,4.94公顷,,,,,,,b7f8051d0c365a5c75add53fd87647b6,http://www.landchina.com/DesktopModule/BizframeExtendMdl/workList/bulWorkView.aspx?wmguid=6506735a-142d-4bde-9674-121656045ed1&recorderguid=c53b2a5d-2651-4f55-980b-3c2a5e9da0a0&sitePath=,2020/7/6
献县2019年度国有建设用地供应计划,2019年3月27日 13:41,河北省 > 沧州市 > 献县,献县,沧州市,2019,130公顷以内,,,10公顷以内,80公顷以内,20公顷以内,,,,,10公顷以内,,,,,,,,e16d9a7ef76de96c2a861dce44129d3b,http://www.landchina.com/DesktopModule/BizframeExtendMdl/workList/bulWorkView.aspx?wmguid=6506735a-142d-4bde-9674-121656045ed1&recorderguid=f3c26204-658b-45ab-89f1-66f49c49609b&sitePath=,2020/7/6
怀来县2019年度国有建设用地供应计划,2019年3月27日 11:21,河北省 > 张家口市 > 怀来县,怀来县,张家口市,2019,293.1772公顷,,,41.1328公顷,36.347公顷,125.4275公顷,,,,,,,,,,,,,0f444e14ba53a7ec0e2a4585b74a16c5,http://www.landchina.com/DesktopModule/BizframeExtendMdl/workList/bulWorkView.aspx?wmguid=6506735a-142d-4bde-9674-121656045ed1&recorderguid=c29216ee-57d2-4197-aea2-3c0c6e35f531&sitePath=,2020/7/6
赞皇县2019年度国有建设用地供应计划,2019年3月27日 10:35,河北省 > 石家庄市 > 赞皇县,赞皇县,石家庄市,2019,53.9公顷,,,,26.6公顷,12公顷,,,,,15.3公顷,,,,,,,,3871e9fa6b8aa2269e0e20a81c88402a,http://www.landchina.com/DesktopModule/BizframeExtendMdl/workList/bulWorkView.aspx?wmguid=6506735a-142d-4bde-9674-121656045ed1&recorderguid=4dfa0e98-3a81-4b7a-97ff-d6eac4b11377&sitePath=,2020/7/6
行唐县2019年度国有建设用地供应计划,2019年3月27日 9:41,河北省 > 石家庄市 > 行唐县,行唐县,石家庄市,2019,100.02公顷,87.14公顷以内,12.8753公顷,,,17.90公顷,,,,,30.6333公顷,,,,51.482公顷,,,,ec289381ab05c6f277585b59b727f7b8,http://www.landchina.com/DesktopModule/BizframeExtendMdl/workList/bulWorkView.aspx?wmguid=6506735a-142d-4bde-9674-121656045ed1&recorderguid=a792871b-e473-4602-ba37-c7839d44fa07&sitePath=,2020/7/6
平山县2019年度国有建设用地供应计划,2019年3月27日 9:24,河北省 > 石家庄市 > 平山县,平山县,石家庄市,2019,260.2735公顷,0公顷,260.2735公顷,81.6003公顷,54.4112公顷,34.0144公顷,0.7323公顷,23.81公顷,,,27.3547公顷,61.2929公顷,,,,,1.6公顷,,9bce074bab1d17ed355fd082492e3821,http://www.landchina.com/DesktopModule/BizframeExtendMdl/workList/bulWorkView.aspx?wmguid=6506735a-142d-4bde-9674-121656045ed1&recorderguid=f494f520-571e-4868-a99a-668f257d7f48&sitePath=,2020/7/6
文安县2019年度国有建设用地供应计划,2019年3月26日 15:08,河北省 > 廊坊市 > 文安县,文安县,廊坊市,2019,72.1057公顷,,,10.0866公顷,24.5652公顷,25.3866公顷,,,,,,0926公顷,,,,,,,2f74bffe718bb44c0f8d9a561e14f27d,http://www.landchina.com/DesktopModule/BizframeExtendMdl/workList/bulWorkView.aspx?wmguid=6506735a-142d-4bde-9674-121656045ed1&recorderguid=557673c1-26a1-46de-a70b-e6bef53f8810&sitePath=,2020/7/6
香河县2019年度国有建设用地供应计划,2019年3月26日 11:41,河北省 > 廊坊市 > 香河县,香河县,廊坊市,2019,170.0330公顷,,,20.2901公顷,64.3993公顷,79.5585公顷,,,,,,5.7851公顷,,,,,,,62235d79df7cff5d9a490020acd42382,http://www.landchina.com/DesktopModule/BizframeExtendMdl/workList/bulWorkView.aspx?wmguid=6506735a-142d-4bde-9674-121656045ed1&recorderguid=57cf2a3b-1e54-413b-9391-7101c197c4dd&sitePath=,2020/7/6
柏乡县2019年度国有建设用地供应计划,2019年3月26日 11:41,河北省 > 邢台市 > 柏乡县,柏乡县,邢台市,2019,61.0429公顷,51.563公顷以内,10.0935公顷,0.9006公顷,,18.5744公顷,,18.5744公顷,,,4.1092公顷,4.3542公顷,,,,,,,0a37919770570021000212ddc6f0b77c,http://www.landchina.com/DesktopModule/BizframeExtendMdl/workList/bulWorkView.aspx?wmguid=6506735a-142d-4bde-9674-121656045ed1&recorderguid=1ddff25e-e058-46f3-be69-a7cdef5e464f&sitePath=,2020/7/6
沧州市本级2019年度国有建设用地供应计划,2019年3月26日 11:06,河北省 > 沧州市 > 沧州市本级,沧州市本级,沧州市,2019,1353.5518公顷,,537.0181公顷,116.5656公顷,681.6728公顷,237.3964公顷,,,,33.5394公顷,159.4994公顷,158.4176公顷,,,,,,,ea99ecb7ece4cd90a2f5dbac92058c24,http://www.landchina.com/DesktopModule/BizframeExtendMdl/workList/bulWorkView.aspx?wmguid=6506735a-142d-4bde-9674-121656045ed1&recorderguid=3fa4c4f7-b802-4ee0-9d78-7fd6d838f06b&sitePath=,2020/7/6
平泉县2019年度国有建设用地供应计划,2019年3月26日 11:02,河北省 > 承德市 > 平泉县,平泉县,承德市,2019,80.7849公顷,,,0.7174公顷,,13.5807公顷,,,13.5807公顷,,,18.0935公顷,,,,,,,d07ce54a4f96efb894d410dec5fac51d,http://www.landchina.com/DesktopModule/BizframeExtendMdl/workList/bulWorkView.aspx?wmguid=6506735a-142d-4bde-9674-121656045ed1&recorderguid=6d492920-d6ec-42b0-adca-889964d2f95f&sitePath=,2020/7/6
大城县2019年度国有建设用地供应计划,2019年3月26日 10:53,河北省 > 廊坊市 > 大城县,大城县,廊坊市,2019,241.6960公顷,,,8.3537公顷,204.6758公顷,16.2527公顷,,,,,1.8840公顷,10.5298公顷,,,,,,,ed7fb7605b8268c875d9d84b93f80386,http://www.landchina.com/DesktopModule/BizframeExtendMdl/workList/bulWorkView.aspx?wmguid=6506735a-142d-4bde-9674-121656045ed1&recorderguid=ec5d30ae-4352-482c-b550-b0e50b8d5fca&sitePath=,2020/7/6
沧县2019年度国有建设用地供应计划,2019年3月26日 10:23,河北省 > 沧州市 > 沧县,沧县,沧州市,2019,254.2001公顷,,,10公顷,66.6667公顷,117.0667公顷,,,,,20公顷,1.4公顷,,,,,39.0667公顷,,53b244c88b11c938bd270c017bd049b0,http://www.landchina.com/DesktopModule/BizframeExtendMdl/workList/bulWorkView.aspx?wmguid=6506735a-142d-4bde-9674-121656045ed1&recorderguid=89349de5-2e13-4ad9-8b05-b6e0a9af9e37&sitePath=,2020/7/6
临漳县2019年度国有建设用地供应计划,2019年3月26日 9:58,河北省 > 邯郸市 > 临漳县,临漳县,邯郸市,2019,280.4777公顷,,,46.7184公顷,98.1134公顷,64.5987公顷,,,,,0.9333公顷,68.0353公顷,,,,,64.5987公顷,,e3f3ab1b5421ac894ea243a321d43bec,http://www.landchina.com/DesktopModule/BizframeExtendMdl/workList/bulWorkView.aspx?wmguid=6506735a-142d-4bde-9674-121656045ed1&recorderguid=dd57e089-fbbd-4945-a4cf-998df152995b&sitePath=,2020/7/6
蠡县2019年度国有建设用地供应计划,2019年3月26日 9:31,河北省 > 保定市 > 蠡县,蠡县,保定市,2019,140.3540公顷,,,10.0765公顷,32.5034公顷,31.7741公顷,,,,,,66.0000公顷,,,,,,,e01139b8b00599d16912b43cb848d4e5,http://www.landchina.com/DesktopModule/BizframeExtendMdl/workList/bulWorkView.aspx?wmguid=6506735a-142d-4bde-9674-121656045ed1&recorderguid=6aac9661-9524-4daa-81a5-e9ccdda9273f&sitePath=,2020/7/6
高碑店市2019年度国有建设用地供应计划,2019年3月26日 8:45,河北省 > 保定市 > 高碑店市,高碑店市,保定市,2019,151.9507公顷,137.6047公顷,14.3460公顷,22.5199公顷,40.8611公顷,71.1413公顷,,,,,4.0242公顷,17.4284公顷,,,,,,,6c2975b137904ac8ed5ac96a13aa885d,http://www.landchina.com/DesktopModule/BizframeExtendMdl/workList/bulWorkView.aspx?wmguid=6506735a-142d-4bde-9674-121656045ed1&recorderguid=21099cd8-3d84-4804-b971-6e80f79c2d8e&sitePath=,2020/7/6
井陉县2019年度国有建设用地供应计划,2019年3月25日 18:58,河北省 > 石家庄市 > 井陉县,井陉县,石家庄市,2019,41.5456公顷以内,,,8.2188公顷,5.594公顷,25.2054公顷,,,,,,,,,,,,,efbd3d12f26b60b58a13e41eac6eecd1,http://www.landchina.com/DesktopModule/BizframeExtendMdl/workList/bulWorkView.aspx?wmguid=6506735a-142d-4bde-9674-121656045ed1&recorderguid=1d26730d-5c55-4655-a49b-02257bdfa943&sitePath=,2020/7/6
平乡县2019年度国有建设用地供应计划,2019年3月25日 17:26,河北省 > 邢台市 > 平乡县,平乡县,邢台市,2019,1335676.65平方,,,43791平方,607069.01平方,302146.64平方,,,,,339857平方,,,,,,,,f267213cb939b7862bff752999c63941,http://www.landchina.com/DesktopModule/BizframeExtendMdl/workList/bulWorkView.aspx?wmguid=6506735a-142d-4bde-9674-121656045ed1&recorderguid=15f40dbd-85d8-4a2c-9537-9471dd44bd3f&sitePath=,2020/7/6
邢台县2019年度国有建设用地供应计划,2019年3月25日 17:18,河北省 > 邢台市 > 邢台县,邢台县,邢台市,2019,155.6602公顷以内,,,1.9857公顷,57.9075公顷,60.3092公顷,,,,,8.1606公顷,,,10公顷,,,,,89a9147e542d24e0b3ec50d3b1a30644,http://www.landchina.com/DesktopModule/BizframeExtendMdl/workList/bulWorkView.aspx?wmguid=6506735a-142d-4bde-9674-121656045ed1&recorderguid=41c72aa7-c9cf-403c-941d-b6148c556ec9&sitePath=,2020/7/6
高阳县2019年度国有建设用地供应计划,2019年3月25日 16:37,河北省 > 保定市 > 高阳县,高阳县,保定市,2019,144.4072公顷,,,27.2166公顷,82.6235公顷,7.2356公顷,,,,,20.0000公顷,7.3315公顷,,,,,,,77887b7a0a60b4dd540ad9a7692e7692,http://www.landchina.com/DesktopModule/BizframeExtendMdl/workList/bulWorkView.aspx?wmguid=6506735a-142d-4bde-9674-121656045ed1&recorderguid=22eb9d8a-73c1-4b97-be95-bf9007d9789c&sitePath=,2020/7/6
南皮县2019年度国有建设用地供应计划,2019年3月25日 16:12,河北省 > 沧州市 > 南皮县,南皮县,沧州市,2019,125.2公顷,120公顷以内,15.2公顷,4.25公顷,,23.9公顷,,,,,24.16公顷,4.19公顷,,,,,,,b060852f15553b7c1bc85488cda50e0b,http://www.landchina.com/DesktopModule/BizframeExtendMdl/workList/bulWorkView.aspx?wmguid=6506735a-142d-4bde-9674-121656045ed1&recorderguid=ebad530b-164e-4477-a895-3c69e2decc3f&sitePath=,2020/7/6
涉县2019年度国有建设用地供应计划,2019年3月25日 15:45,河北省 > 邯郸市 > 涉县,涉县,邯郸市,2019,263.62公顷,80公顷,183.62公顷,32.72公顷,,32.31公顷,3公顷,,29.31公顷,,,31.98公顷,,,,,,,09a359f2916482e415efd9b76b4904d8,http://www.landchina.com/DesktopModule/BizframeExtendMdl/workList/bulWorkView.aspx?wmguid=6506735a-142d-4bde-9674-121656045ed1&recorderguid=c44fcb35-4e60-453d-ba43-fe2a0f44d442&sitePath=,2020/7/6
威县2019年度国有建设用地供应计划,2019年3月25日 14:51,河北省 > 邢台市 > 威县,威县,邢台市,2019,240.8494公顷,217.6314公顷以内,23.2180公顷,2.5472公顷,135.6901公顷,48.2863公顷,,,,,36.9177公顷,17.4081公顷,,,,,,,1bd9949cb83994e7b5452669f8b5f028,http://www.landchina.com/DesktopModule/BizframeExtendMdl/workList/bulWorkView.aspx?wmguid=6506735a-142d-4bde-9674-121656045ed1&recorderguid=26c18344-24a5-4874-99d4-3723ee572a94&sitePath=,2020/7/6
南宫市2019年度国有建设用地供应计划,2019年3月25日 14:35,河北省 > 邢台市 > 南宫市,南宫市,邢台市,2019,115.1888公顷,101.8555公顷以内,13.3333公顷,11.0034公顷,,28.9873公顷,,,,,,18.9712公顷,,,,,,,cbcbe609202fe3c557be6bc99ac3b425,http://www.landchina.com/DesktopModule/BizframeExtendMdl/workList/bulWorkView.aspx?wmguid=6506735a-142d-4bde-9674-121656045ed1&recorderguid=fc23a83b-4b2e-427e-b9b3-831a64afa9ac&sitePath=,2020/7/6
巨鹿县2019年度国有建设用地供应计划,2019年3月25日 14:27,河北省 > 邢台市 > 巨鹿县,巨鹿县,邢台市,2019,94.7297公顷,,,4.3211公顷,69.5603公顷,17.3426公顷,,,,,,3.5057公顷,,,,,,,310ee7c173e8cd7c2ca480d374c7cafa,http://www.landchina.com/DesktopModule/BizframeExtendMdl/workList/bulWorkView.aspx?wmguid=6506735a-142d-4bde-9674-121656045ed1&recorderguid=e90c2564-b5a7-4528-9a08-976a0b75a5f7&sitePath=,2020/7/6
博野县2019年度国有建设用地供应计划,2019年3月25日 14:20,河北省 > 保定市 > 博野县,博野县,保定市,2019,66.2930公顷以内,,,0.3000公顷,25.6855公顷,35.8066公顷,,,,,,4.5009公顷,,,,,,,6c30ad4f725aad8c9c0a3540eb9cb677,http://www.landchina.com/DesktopModule/BizframeExtendMdl/workList/bulWorkView.aspx?wmguid=6506735a-142d-4bde-9674-121656045ed1&recorderguid=d17d1620-94af-4d1d-af04-b4f2c93840bd&sitePath=,2020/7/6
任县2019年度国有建设用地供应计划,2019年3月25日 11:10,河北省 > 邢台市 > 任县,任县,邢台市,2019,104.88公顷,54.86公顷以内,50.02公顷,16.07公顷,,28.48公顷,,,,,9.93公顷,3.65公顷,,,,,,,d03d8c06fbf3a0ed86ef85c8739f8244,http://www.landchina.com/DesktopModule/BizframeExtendMdl/workList/bulWorkView.aspx?wmguid=6506735a-142d-4bde-9674-121656045ed1&recorderguid=c62ca8e3-06e0-4134-a536-cafe0883f078&sitePath=,2020/7/6
无极县2019年度国有建设用地供应计划,2019年3月25日 11:02,河北省 > 石家庄市 > 无极县,无极县,石家庄市,2019,101.1714公顷以内,,,0.126公顷,76.6504公顷,19.6722公顷,,,,,,4.2617公顷,,,,,0.4611公顷,,aebcf1cb6f9f5dc924d497f159ecc26f,http://www.landchina.com/DesktopModule/BizframeExtendMdl/workList/bulWorkView.aspx?wmguid=6506735a-142d-4bde-9674-121656045ed1&recorderguid=8f3b457b-63ca-46ea-bc60-5aca0871e63d&sitePath=,2020/7/6
